nirf_id,institution_name,nirf_category,submission_year,pincode,pcs_lifts_ramps,pcs_walking_aids,pcs_toilets,phd_fulltime_pursuing,phd_parttime_pursuing,source_file
IR-E-U-0439,Anna University,ENGINEERING,2025,,"Yes, more than 80% of the buildings",,,1113,623,1. AU_NIRF 2025_Engineering_Submitted Data.pdf
IR-E-I-1030,Jaya Institute of Technology,ENGINEERING,2024,631204,"Yes, more than 80% of the buildings",,,0,0,10. Jaya Institute of Technology Kanchipadi Post Thiruvallur-Tiruttani NH Road Thiruvallur District 631204 -2024 data.pdf
IR-E-C-16532,Rajalakshmi Institute of Technology,ENGINEERING,2025,600124,"Yes, more than 80% of the buildings",,,9,25,100. Rajalakshmi Institute of Technology (Autonomous) Irulapalayam Kuthampakkam Post Kancheepuram District Chennai 600124.pdf
IR-E-C-16622,RRASE College of Engineering,ENGINEERING,2025,601301,"Yes, more than 60% of the buildings",,,0,0,103. Rrase College of Engineering Padappai Kancheepuram 601301.pdf
IR-E-C-36995,Sri Krishna College of Engineering and Technology,ENGINEERING,2025,632101,"Yes, more than 80% of the buildings",,,36,70,104. Sree Krishna College of Engineering Anaicut Post Unnai Village Vellore District 632101.pdf
IR-E-C-16591,A.K.T. Memorial College of Engineering & Technology,ENGINEERING,2025,606202,"Yes, more than 80% of the buildings",,,0,0,105. A K T Memorial College of Engineering and Technology Neelamangalam Village Kallakurichi District 606202.pdf
IR-E-C-16477,Loyola-ICAM College of Engineering and Technology,ENGINEERING,2025,600034,"Yes, more than 80% of the buildings",,,0,0,110. 2024...Loyola ICAM College of Engineering and Technology Loyola College Campus Nungambakkam Chennai 600034.pdf
IR-E-C-16482,Peri Institute of Technology,ENGINEERING,2024,600048,"Yes, more than 80% of the buildings",,,0,0,111. PERI Institute of Technology Mannivakkam West Tambaram Chennai 600048.pdf
IR-E-C-16487,Adhiparasakthi Engineering College,ENGINEERING,2025,632506,"Yes, more than 60% of the buildings",,,9,18,112. Adhiparasakthi College of Engineering Kalavai Ranipet District 632506.pdf
IR-E-C-16506,Arulmigu Meenakshi Amman College of Engineering,ENGINEERING,2025,604410,"Yes, more than 80% of the buildings",,,0,0,113. Arulmigu Meenakshi Amman College of Engineering Vadamavandal Thiruvannamalai District 604410.pdf
IR-E-C-16551,Meenakshi College of Engineering,ENGINEERING,2025,600078,"Yes, more than 80% of the buildings",,,0,0,117. Meenakshi College of Engineering Vembuliamman Koil Street K K Nagar (West) Chennai 600078.pdf
IR-E-C-16527,R.M.D Engineering College,ENGINEERING,2025,601206,"Yes, more than 80% of the buildings",,,4,75,12. R M D Engineering College (Autonomous) Kavaraipettai Gummidipoondi Thiruvallur District 601206.pdf
IR-E-C-48283,THANTHAI PERIYAR GOVERNMENT INSTITUTE OF TECHNOLOGY,ENGINEERING,2025,632002,"Yes, more than 80% of the buildings",,,2,26,123. Thanthai Periyar Government Institute of Technology Bagayam Vellore District 632002.pdf
IR-E-C-16473,Global Institute of Engineering and Technology,ENGINEERING,2024,632506,"Yes, more than 80% of the buildings",,,0,0,128. 2024...Global Institute of Engineering and Technology Bangalore-Chennai Highway Melvisharam Walajah Taluk Ranipet District 632506.pdf
IR-E-C-16614,R.M.K. Engineering College,ENGINEERING,2025,601206,"Yes, more than 80% of the buildings",,,8,133,13.R M K Engineering College (Autonomous) Kavaraipettai Gummidipoondi Thiruvallur District 601206.pdf
IR-E-C-1377,The Oxford College of Engineering,ENGINEERING,2025,606803,"Yes, more than 80% of the buildings",,,11,39,132. Oxford College of Engineering Venmani Village Karaipoondi Post Polur Taluk Thiruvannamalai District 606803.pdf
IR-E-C-16523,Idhaya Engineering College for Women,ENGINEERING,2025,606201,"Yes, less than 40% of the buildings",,,0,0,133. Idhaya Engineering College for Women Chinnasalem Kallakkurichi District 606201.pdf
IR-E-C-36975,Government College of Technology,ENGINEERING,2025,641013,"Yes, more than 80% of the buildings",,,55,86,134. Government College of Technology (Autonomous) Thadagam Road Coimbatore District 641013.pdf
IR-E-C-36954,Muthayammal Engineering College,ENGINEERING,2025,637408,"Yes, more than 80% of the buildings",,,6,48,138. Muthayammal College of Engineering Kakkaveri Post Namakkal District 637408.pdf
IR-E-C-16463,S. A. Engineering College,ENGINEERING,2025,600077,"Yes, more than 80% of the buildings",,,4,72,14.S A Engineering College (Autonomous) Thiruverkadu Chennai 600077.pdf
IR-E-C-45295,"KSR INSTITUTE FOR ENGINEERING AND TECHNOLOGY, NAMAKKAL",ENGINEERING,2024,637215,"Yes, more than 80% of the buildings",,,0,34,140. 2024... K S R Institute for Engineering and Technology (Autonomous) Thokkavadi Namakkal District 637215.pdf
IR-E-C-45287,RATHINAM TECHNICAL CAMPUS,ENGINEERING,2025,641021,"Yes, more than 80% of the buildings",,,11,105,141. Rathinam Technical Campus (Autonomous) Pollachi Road Eachanari Coimbatore District 641021.pdf
IR-E-C-49130,ASIAN COLLEGE OF ENGINEERING AND TECHNOLOGY,ENGINEERING,2025,641110,"Yes, more than 60% of the buildings",,,0,0,143. Asian College of Engineering and Technology Asian College Road Kondayampalayam Near Saravanampatti Coimbatore District 641110.pdf
IR-E-C-45288,"SRI RANGANATHAR INSTITUTE OF ENGINEERING AND TECHNOLOGY, COIMBATORE",ENGINEERING,2025,641110,"Yes, more than 60% of the buildings",,,0,0,145. Sri Ranganathar Institute of Engineering and Technology Thudialur-Kovilpalay Road Coimbatore District 641110.pdf
IR-E-C-45299,Dhirajlal Gandhi College of Technology,ENGINEERING,2025,636309,"Yes, more than 80% of the buildings",,,0,0,146. Dhirajlal Gandhi College of Technology Sikkanampatty (Opp. to Airport) Omalur Taluk Salem District 636309.pdf
IR-E-C-16548,Sri Ram Engineering College,ENGINEERING,2025,,"Yes, less than 40% of the buildings",,,0,0,15. Sri Ram Engineering College Perumalpattu Veppampattu (R S) Thiruvallur District 602 024.pdf
IR-E-C-48266,V.S.B College of Engineering Technical Campus,ENGINEERING,2025,642109,"Yes, more than 80% of the buildings",,,0,13,153. V S B College of Engineering Technical Campus Ealur Pirivu Solavampalayam Post Coimbatore District 642109.pdf
IR-E-C-49129,ARJUN COLLEGE OF TECHNOLOGY,ENGINEERING,2025,642120,"Yes, more than 40% of the buildings",,,0,0,155. Arjun College of Technology Chettiyakkapalayam Kinathukadavu Coimbatore District 642120.pdf
IR-E-C-49133,Government College of Engineering Dharmapuri,ENGINEERING,2025,635704,"Yes, more than 80% of the buildings",,,1,35,157. Government College of Engineering Chettikkarai Post Dharmapuri District 635704.pdf
IR-E-C-50605,PSG INSTITUTE OF TECHNOLOGY AND APPLIED RESEARCH,ENGINEERING,2025,641062,"Yes, more than 80% of the buildings",,,34,34,158. PSG Institute of Technology and Applied Research Avinashi Road Neelambur Coimbatore 641062.pdf
IR-E-C-16504,SRI VENKATESWARA COLLEGE OF ENGINEERING AND TECHNOLOGY,ENGINEERING,2025,631203,"Yes, more than 80% of the buildings",,,19,30,16. Sri Venkateswara College of Engineering and Technology Thirupachur Thiruvallur District 631203.pdf
IR-E-C-37003,Government College of Engineering,ENGINEERING,2022,635104,"Yes, more than 80% of the buildings",,,5,1,162...2022..Government College of Engineering (Autonomous) Bargur Krishnagiri District 635104.pdf
IR-E-C-39247,K.S.RANGASAMY COLLEGE OF TECHNOLOGY,ENGINEERING,2026,637215,"Yes, more than 80% of the buildings",,,27,92,163. K S Rangasamy College of Technology (Autonomous) Tiruchengode Namakkal District 637215.pdf
IR-E-C-37000,Paavai Engineering College,ENGINEERING,2025,637018,"Yes, more than 80% of the buildings",,,3,30,167. Paavai Engineering College (Autonomous) NH-7 Pachal Post Namakkal District 637018.pdf
IR-E-C-16490,VEL TECH MULTI TECH DR.RANGARAJAN DR.SAKUNTHALA ENGINEERING COLLEGE,ENGINEERING,2025,,"Yes, more than 80% of the buildings",,,6,20,17. Vel Tech Multi Tech Dr. Rangarajan Dr. Sakunthala Engineering College (Autonomous) Avadi-Alamathi Road Chennai 600 062.pdf
IR-E-C-46528,SSM COLLEGE OF ENGINEERING,ENGINEERING,2025,638183,"Yes, more than 80% of the buildings",,,0,0,170. S S M College of Engineering Komarapalayam Namakkal District 638183.pdf
IR-E-C-36980,Government College of Engineering,ENGINEERING,2024,636011,"Yes, more than 80% of the buildings",,,21,52,171. Government College of Engineering (Autonomous) Karuppur Salem District 636011.pdf
IR-E-C-36966,Sengunthar Engineering College,ENGINEERING,2025,637205,"Yes, more than 80% of the buildings",,,0,9,173. Sengunthar Engineering College (Autonomous) Tiruchengode Namakkal District 637205.pdf
IR-E-C-37028,Sona College of Technology,ENGINEERING,2025,636005,"Yes, more than 80% of the buildings",,,51,212,174. Sona College of Technology (Autonomous) Suramangalam Post Salem District 636005.pdf
IR-E-C-37022,Vivekanandha College of Engineering for Women,ENGINEERING,2025,637205,"Yes, more than 80% of the buildings",,,2,54,175. Vivekanandha College of Engineering for Women (Autonomous) Sathinaickenpalayam Elayampalayam Village Kumaramangalam Namakkal District 637205.pdf
IR-E-C-36944,V. S. B. Engineering College,ENGINEERING,2025,639111,"Yes, more than 80% of the buildings",,,1,37,177. V S B Engineering College(Autonomous) Kovai Road Karur District 639111.pdf
IR-E-C-37074,Mahendra College of Engineering,ENGINEERING,2025,636106,"Yes, more than 80% of the buildings",,,2,29,178. Mahendra College of Engineering Attur Road Minnampalli Valapady Salem District 636106.pdf
IR-E-C-37068,Selvam College of Technology,ENGINEERING,2025,637003,"Yes, more than 80% of the buildings",,,0,0,181. Selvam College of Technology Pappanaickenpatti Post Namakkal District 637003.pdf
IR-E-C-37006,Chettinad College of Engineering & Technology,ENGINEERING,2025,639114,"Yes, more than 80% of the buildings",,,0,0,183. Chettinad College of Engineering and Technology NH-67 Trichy Main Road Puliyur C F Karur District 639114.pdf
IR-E-C-37004,Mahendra Institute of Technology,ENGINEERING,2025,637503,"Yes, more than 80% of the buildings",,,1,29,184. Mahendra Institute of Technology (Autonomous) Mahendhirapuri Mallasamudram Namakkal District 637503.pdf
IR-E-C-36930,EXCEL ENGINEERING COLLEGE,ENGINEERING,2025,637303,"Yes, more than 80% of the buildings",,,1,63,186. Excel Engineering College (Autonomous) NH-544 Salem Main Road Pallakapalayam Sankari West Post Komarapalayam Taluk Namakkal District - 637303.pdf
IR-E-C-36970,AVS Engineering College,ENGINEERING,2023,636003,"Yes, more than 80% of the buildings",,,0,0,188. 2023...A V S Engineering College Military Road Ammapet Salem District 636003.pdf
IR-E-C-37026,R P Sarathy Institute of Technology,ENGINEERING,2025,636305,"Yes, more than 80% of the buildings",,,0,0,190. R P Sarathy Institute of Technology Poosaripatty Kadaympatty Taluk Salem Tamil Nadu-636305.pdf
IR-E-C-37061,P.S.V.College of Engineering and Technology,ENGINEERING,2025,635108,"Yes, more than 80% of the buildings",,,2,21,193. P S V College of Engineeering and Technology Mittapalli Balinayanapalli Post Elathagiri Krishnagiri District 635108.pdf
IR-E-C-37076,BHARATHIYAR INSTITUTE OF ENGINEERING FOR WOMEN,ENGINEERING,2025,636112,"Yes, more than 80% of the buildings",,,0,0,194. Bharathiyar Institute of Engineering for Women Deviayakurichi Attur Taluk Salem District 636112.pdf
IR-E-C-37029,Tagore Institute of Engineering and Technology,ENGINEERING,2025,636112,"Yes, more than 80% of the buildings",,,0,0,195. Tagore Institute of Engineering and Technology Deviyakurichi Attur Taluk Salem District 636112.pdf
IR-E-C-36941,Christ The King Engineering College,ENGINEERING,2025,641104,"Yes, less than 40% of the buildings",,,0,0,198. Christ The King Engineering College Cecilia Gardens Chikkarampalayam Village Coimbatore District 641104.pdf
IR-E-C-36951,AL-Ameen Engineering College,ENGINEERING,2025,638104,"Yes, more than 80% of the buildings",,,0,5,200. AL-Ameen Engineering College (Autonomous) Karundevan Palayam Nanjai Uthukuli Post Erode District 638104.pdf
IR-E-C-37058,Knowledge Institute of Technology,ENGINEERING,2025,637504,"Yes, more than 80% of the buildings",,,0,65,201.Knowledge Institute of Technology (Autonomous) KIOT Campus Kakapalayam Post Salem District 637504.pdf
IR-E-C-37104,BUILDERS ENGINEERING COLLEGE,ENGINEERING,2025,638108,"Yes, more than 80% of the buildings",,,0,0,202. 202..Builders Engineering college Nathakadaiyur Erode Road Palayakottai Village Kangeyam Tiruppur District 638108.pdf
IR-E-C-36956,Sree Sakthi Engineering College,ENGINEERING,2025,641104,"Yes, more than 80% of the buildings",,,0,0,206. Sree Sakthi Engineering College Bettathapuram Bilichi Village Karamadai Coimbatore District 641104.pdf
IR-E-C-16580,Gojan School of Business and Technology,ENGINEERING,2026,,"Yes, more than 80% of the buildings",,,0,0,nirf.pdf
IR-E-C-37016,CSI College of Engineering,ENGINEERING,2025,643215,"Yes, more than 40% of the buildings",,,0,0,210. CSI College of Engineering Ketti The Nilgiris 643215.pdf
IR-E-C-37099,Erode Sengunthar Engineering College,ENGINEERING,2025,638057,"Yes, more than 80% of the buildings",,,6,64,212. Erode Sengunthar Engineering College (Autonomous) Thudupathi Post Erode District 638057.pdf
IR-E-C-37063,Hindusthan College of Engineering and Technology,ENGINEERING,2025,641032,"Yes, more than 80% of the buildings",,,18,115,213. Hindusthan College of Engineering and Technology (Autonomous) Othakkalmandapam Post Coimbatore District 641032.pdf
IR-E-C-36974,Institute of Road and Transport Technology,ENGINEERING,2024,638316,"Yes, more than 40% of the buildings",,,0,11,214...2024..Government College of Engineering (Formerly Institute of Road and Transport Technology) Vasavi College Post Erode District 638316.pdf
IR-E-C-37065,Kongu Engineering College,ENGINEERING,2026,638052,"Yes, more than 80% of the buildings",,,41,162,216. Kongu Engineering College (Autonomous) Perundurai Erode District 638052.pdf
IR-E-C-36926,Kumaraguru College of Technology,ENGINEERING,2025,641006,"Yes, more than 80% of the buildings",,,50,126,217. Kumaraguru College of Technology (Autonomous) Chinnavedampatti Post Coimbatore District 641006.pdf
IR-E-C-36958,Nandha Engineering College,ENGINEERING,2025,638052,"Yes, more than 80% of the buildings",,,5,67,219.Nandha Engineering College (Autonomous) Pitchandampalayam Post Erode District 638052.pdf
IR-E-C-37015,PARK COLLEGE OF ENGINEERING AND TECHNOLOGY,ENGINEERING,2025,641659,"Yes, more than 80% of the buildings",,,0,6,220. Park College of Engineering and Technology Kaniyur Coimbatore District 641659.pdf
IR-E-C-37089,Sri Ramakrishna Engineering College,ENGINEERING,2025,641022,"Yes, more than 80% of the buildings",,,27,84,223. Sri Ramakrishna Engineering College (Autonomous) Vattamalaipalayam Coimbatore District 641022.pdf
IR-E-C-37094,Velalar College of Engineering and Technology,ENGINEERING,2025,638012,"Yes, more than 80% of the buildings",,,0,67,226. Velalar College of Engineering and Technology (Autonomous) Thindal Post Erode District 638012.pdf
IR-E-C-37032,Sri Ramakrishna Institute of Technology,ENGINEERING,2025,641010,"Yes, more than 80% of the buildings",,,2,51,227. Sri Ramakrishna Institute of Technology (Autonomous) Pachapalayam Coimbatore District 641010.pdf
IR-E-C-36947,SNS College of Technology,ENGINEERING,2025,641035,"Yes, more than 80% of the buildings",,,25,127,228. SNS College of Technology (Autonomous) Kalappatti Post Coimbatore District 641035.pdf
IR-E-C-37080,Sri Shakthi Institute of Engineering and Technology,ENGINEERING,2025,641062,"Yes, more than 80% of the buildings",,,0,29,229. Sri Shakthi Institute of Engineering and Technology (Autonomous) L&T Bye-Pass Venkitapuram Post Comibatore District 641062.pdf
IR-E-C-36938,RVS College of Engineering and Technology,ENGINEERING,2025,641402,"Yes, more than 80% of the buildings",,,0,9,231. R V S College of Engineering and Technology Kannampalayam Sulur Coimbatore District 641402.pdf
IR-E-C-37031,Info Institute of Engineering,ENGINEERING,2024,,"Yes, less than 40% of the buildings",,,0,5,232..2024..Info Institute of Engineering.pdf
IR-E-C-37036,SNS College of Engineering,ENGINEERING,2025,641107,"Yes, more than 80% of the buildings",,,4,25,234. SNS College of Engineering (Autonomous) Sathy Main Road Kurumbapalayam Post Coimbatore District 641107.pdf
IR-E-C-37035,Karpagam Institute of Technology,ENGINEERING,2025,641021,"Yes, more than 80% of the buildings",,,0,0,235. Karpagam Institute of Technology Seerapalayam Village L&T By pass Road Coimbatore District 641021.pdf
IR-E-C-36929,Dr. N. G. P. Institute of Technology,ENGINEERING,2025,641035,"Yes, more than 80% of the buildings",,,14,78,236. Dr. N G P Institute of Technology (Autonomous) Kalapatti Road Coimbatore District 641035.pdf
IR-E-C-37057,Sri Eshwar College of Engineering,ENGINEERING,2025,641202,"Yes, more than 80% of the buildings",,,18,95,238. Sri Eshwar College of Engineering (Autonomous) Kondampatti Post Vadasithur (Via) Kinathukadavu Coimbatore District 641202.pdf
IR-E-C-37041,P. A. College of Engineering and Technology,ENGINEERING,2025,642002,"Yes, more than 80% of the buildings",,,1,7,240. P A College of Engineering and Technology (Autonomous) Palladam Road Pollachi Coimbatore District 642002.pdf
IR-E-C-37087,Shree Venkateshwara Hi-Tech Engineering College,ENGINEERING,2026,638455,"Yes, more than 60% of the buildings",,,0,0,244. Shree Venkateshwara Hi-Tech Engineering College (Autonomous) Othakuthirai K Mettupalayam Post Gobichettipalayam Erode District 638455.pdf
IR-E-C-37070,Kalaignar Karunanidhi Institute of Technology,ENGINEERING,2025,641402,"Yes, more than 80% of the buildings",,,14,77,247. KIT - Kalaignar Karunanidhi Institute of Technology (Autonomous) Kannampalayam Coimbatore District 641402.pdf
IR-E-C-36989,KGISL INSTITUTE OF TECHNOLOGY,ENGINEERING,2025,641035,"Yes, more than 80% of the buildings",,,2,19,248. KGISL Institute of Technology KGISL Campus Thudiyalur Road Saravanampatti Coimbatore District 641035.pdf
IR-E-C-37038,Nandha College of Technology,ENGINEERING,2025,638052,"Yes, more than 60% of the buildings",,,0,0,249. Nandha College of Technology Pitchandampalayam Post Erode District 638052.pdf
IR-E-C-16511,St. Peter`s College of Engineering and Technology,ENGINEERING,2025,,Not available,,,0,0,25. St. Peters College of Engineering and Technology College Road Avadi Chennai 600 054.pdf
IR-E-C-37043,PPG Institute of Technology,ENGINEERING,2024,641035,"Yes, more than 80% of the buildings",,,0,0,250...2024..PPG Institute of Technology Vilankurichi Village Coimbatore District 641035.pdf
IR-E-C-37090,Nehru Institute of Technology,ENGINEERING,2025,641105,"Yes, more than 60% of the buildings",,,0,0,252. Nehru Institute of Engineering and Technology Thirumalayampalayam Post Coimbatore District 641105.pdf
IR-E-C-37051,JKK Munirajah College of Technology,ENGINEERING,2025,638506,"Yes, more than 80% of the buildings",,,0,0,253 J K K Munirajah College of Technology T N Palayam Gobi Taluk Erode District 638506.pdf
IR-E-C-37021,Jansons Institute of Technology,ENGINEERING,2025,641659,"Yes, more than 80% of the buildings",,,0,5,254. Jansons Institute of Technology Karumathampatty Somaur Coimbatore District 641659.pdf
IR-E-C-36985,AKSHAYA COLLEGE OF ENGINEERING AND TECHNOLOGY,ENGINEERING,2025,642109,"Yes, more than 60% of the buildings",,,0,2,255. Akshaya College of Engineering and Technology Kinathukadavu Coimbatore District 642109.pdf
IR-E-C-36999,KPR Institute of Engineering and Technology,ENGINEERING,2025,641407,"Yes, more than 80% of the buildings",,,71,188,256.K P R Institute of Engineering and Technology (Autonomous) Kollupalayam Village Arasur Panchayat Coimbatore District 641407.pdf
IR-E-C-37055,JCT College of Engineering and Technology,ENGINEERING,2024,641105,"Yes, more than 80% of the buildings",,,0,0,259.J C T College of Engineering and Technology Pichanur Coimbatore District 641105.pdf
IR-E-C-37001,RVS Educational Trust`s Group of Institutions,ENGINEERING,2025,,"Yes, more than 80% of the buildings",,,0,12,262. R V S Technical Campus-Coimbatore Kumaran Kottam Campus Kannampalayam Sulur Coimbatore District 641 402.pdf
IR-E-C-25020,Krishnaswamy College of Engineering,ENGINEERING,2025,607109,"Yes, more than 80% of the buildings",,,0,0,269.Krishnasamy College of Engineering and Technology S Kumarapuram Cuddalore District 607109.pdf
IR-E-C-25014,C K College of Engineering & Technology (Formerly Sri Jayaram Engineering College),ENGINEERING,2025,607003,"Yes, more than 80% of the buildings",,,0,0,270. C K College of Engineering and Technology Chellangkuppam Cuddalore District 607003.pdf
IR-E-C-24999,K.S.K College of Engineering and Technology (New),ENGINEERING,2024,612702,"Yes, more than 60% of the buildings",,,0,0,272...2024..K S K College of Engineering and Technology Thanjavur Main Road Darasuram Kumbakonam Thanjavur District 612702.pdf
IR-E-C-49138,ARIFA INSTITUTE OF TECHNOLOGY,ENGINEERING,2025,611103,"Yes, more than 60% of the buildings",,,1,4,274. Arifa Institute of Technology(Formly Haji sheik Ismail Engineering College) Esanoor Keelaiyur Post Thirukkuvalai Taluk Nagapattinam District 611103.pdf
IR-E-C-49141,GOVERNMENT COLLEGE OF ENGINEERING THANJAVUR,ENGINEERING,2026,613402,"Yes, more than 40% of the buildings",,,3,44,276.Government College of Engineering Gandarvakottai Road Sengipatti Thanjavur District 613402.pdf
IR-E-C-49142,GOVERNMENT COLLEGE OF ENGINEERING SRIRANGAM,ENGINEERING,2025,620012,"Yes, more than 80% of the buildings",,,2,18,278. Government College of Engineering Srirangam Sethurappatti Tiruchirappalli District 620012.pdf
IR-E-C-25054,K. Ramakrishnan College of Technology,ENGINEERING,2024,621112,"Yes, more than 80% of the buildings",,,5,27,279.  2024 ..K Ramakrishnan College of Technology (Autonomous) Kariyamanickam Road Samayapuram Manachanallur Taluk Tiruchirappalli District 621112.pdf
IR-E-C-25002,Sir Issac Newton College of Engineering and Technology (New),ENGINEERING,2025,611102,"Yes, more than 80% of the buildings",,,0,0,280. Sir Issac Newton College of Engineering and Technology Anthanapeetai Post Papakoil Nagappattinam District 611102.pdf
IR-E-C-25016,Star Lion College of Engineering and Technology (New),ENGINEERING,2025,614206,"Yes, more than 80% of the buildings",,,0,0,281. Star Lion College of Engineering and Technology Manankorai Main Road Manankorai Village Thanjavur District 614206.pdf
IR-E-C-25007,M.A.M. School of Engineering (New),ENGINEERING,2025,621105,"Yes, more than 80% of the buildings",,,0,0,283. M.A.M. School of Engineering Siruganur Tiruchirappalli District 621105.pdf
IR-E-C-25028,SRM TRP Engineering College,ENGINEERING,2026,,"Yes, more than 80% of the buildings",,,3,17,nirf.pdf
IR-E-C-25004,Anjalai Ammal Mahalingam Engineering College,ENGINEERING,2026,614403,"Yes, more than 80% of the buildings",,,0,0,287. Anjalai Ammal Mahalingam Engineering College Kovilvenni Thiruvarur District 614403.pdf
IR-E-C-24993,Arasu Engineering College,ENGINEERING,2025,612501,"Yes, more than 60% of the buildings",,,0,0,288. Arasu Engineering College Chennai Main Road Kumbakonam Thanjavur District 612501.pdf
IR-E-C-24984,Dhanalakshmi Srinivasan Engineering College,ENGINEERING,2025,621212,"Yes, more than 80% of the buildings",,,0,3,289. Dhanalakshmi Srinivasan Engineering College (Autonomous) Thuraiyur Road Perambalur District 621212.pdf
IR-E-C-50925,JEPPIAAR INSTITUTE OF TECHNOLOGY,ENGINEERING,2025,631604,"Yes, more than 80% of the buildings",,,0,12,29.Jeppiaar Institute of Technology kunnam Village Sriperumpudur Taulk Kancheepuram District 631604.pdf
IR-E-C-25012,M. A. M. College of Engineering,ENGINEERING,2025,621105,Not available,,,0,0,294. M.A.M. College of Engineering Siruganur Tiruchirappalli District 621105.pdf
IR-E-C-25046,M. I. E. T. Engineering College,ENGINEERING,2025,620007,"Yes, more than 80% of the buildings",,,1,0,295. M I E T Engineering College Trichy-Pudukkottai Road Tiruchirappalli District 620007.pdf
IR-E-U-0443,Annamalai University,ENGINEERING,2025,,"Yes, more than 80% of the buildings",,,130,865,3.Annamalai University Faculty of Engineering and Technology Annamalai nagar Cuddalore.pdf
IR-E-C-25010,Roever Engineering College,ENGINEERING,2025,621212,"Yes, more than 80% of the buildings",,,0,5,300. Roever Engineering College Elambalur Perambalur District 621212.pdf
IR-E-C-25006,Saranathan College of Engineering,ENGINEERING,2026,620012,"Yes, more than 80% of the buildings",,,8,57,301. Saranathan College of Engineering Panjappur Tiruchirappalli District 620012.pdf
IR-E-C-25022,St. Joseph's college of engineering and technology,ENGINEERING,2025,613403,"Yes, more than 40% of the buildings",,,0,0,305. St. Joseph's College of Engineering and Technology Elupatti Village Rawaspatti Post Thanjavur District 613403.pdf
IR-E-C-16537,St. Josephs College of Engineering,ENGINEERING,2026,600119,"Yes, more than 80% of the buildings",,,32,153,31.St. Joseph's Institute of Technology (Autonomous) Jeppiaar Nagar Old Mahabalipuram Road (OMR) Chennai 600119.pdf
IR-E-I-1119,CARE College of Engineering,ENGINEERING,2025,620009,"Yes, more than 80% of the buildings",,,0,19,310. CARE College of Engineering Thayanoor Village Kuttappatti Srirangam Taluk Tiruchirappalli District 620009.pdf
IR-E-C-25043,M.R.K. Institute of Technology,ENGINEERING,2024,608306,"Yes, more than 80% of the buildings",,,0,7,311...2024..M R K Institute of Technology Nattarmangalam Village Kattumannarkoil Cuddalore District 608306.pdf
IR-E-C-25031,Imayam College of Engineering,ENGINEERING,2025,621206,"Yes, more than 40% of the buildings",,,0,0,314. Imayam College of Engineering Kannanur Thuraiyur Tiruchirappalli District 621206.pdf
IR-E-C-25069,Mother Terasa College of Engineering and Technology,ENGINEERING,2025,622102,"Yes, more than 60% of the buildings",,,0,0,315. Mother Terasa College of Engineering and Technology Mettusalai Post and Taluk Pudukkottai District 622102.pdf
IR-E-C-16503,D. M. I. College of Engineering,ENGINEERING,2025,602103,Not available,,,0,1,32.D M I College of Engineering Palanchoor Nazrethpet Chennai 602103.pdf
IR-E-C-25005,Mahath Amma Institute of Engineering and Technology,ENGINEERING,2025,622101,"Yes, more than 60% of the buildings",,,0,0,320. Mahath Amma Institute of Engineering and Technology (MIET) Ariyur Annavasal Road Illupur Taluk Pudukkottai District 622101.pdf
IR-E-C-25062,St.Anne's College of Engineering and Technology,ENGINEERING,2026,607110,"Yes, more than 80% of the buildings",,,0,0,324. St. Anne's College of Engineering and Technology Anguchettypalayam Siruvathur Post Panruti Cuddalore District 607110.pdf
IR-E-C-25038,Kings College of Engineering,ENGINEERING,2025,622507,"Yes, more than 80% of the buildings",,,2,10,325.Shanmuganathan Engineering College Pillivalam Post Pudukkottai District 622507.pdf
IR-E-C-25024,Mount Zion College of Engineering and Technology,ENGINEERING,2025,622507,"Yes, more than 80% of the buildings",,,0,7,326.Mount Zion College of Engineering and Technology Pilivalam Post Pudukkottai District 622507.pdf
IR-E-C-27035,University College of Engineering Nagercoil,ENGINEERING,2026,629004,"Yes, less than 40% of the buildings",,,17,58,332. University College of Engineering Nagercoil Nagercoil Industrial Estate Konam Kanyakumari District 629004.pdf
IR-E-C-48273,Rohini College of Engineering And Technology,ENGINEERING,2025,629401,"Yes, more than 60% of the buildings",,,1,19,334. Rohini College of Engineering & Technology Anjugramam-Kanyakumari Main Road Palkulam Variyoor Post Kanyakumari District 629401.pdf
IR-E-C-60622,Stella Mary`s College of Engineering,ENGINEERING,2025,629202,"Yes, more than 80% of the buildings",,,0,0,335.Stella Mary's College of Engineering Arunthengan Vilai Azhikal Post Kanyakumari District 629202.pdf
IR-E-C-49144,Ramco Institute of Technology,ENGINEERING,2025,626117,"Yes, more than 80% of the buildings",,,3,25,339. Ramco Institute of Technology North venganallur Village Krishnapuram Panchayat Rajapalayam Virudhunagar District 626117.pdf
IR-E-C-27074,V.V.College of Engineering,ENGINEERING,2025,628656,"Yes, more than 60% of the buildings",,,1,7,342. V V College of Engineering Arasoor Village Idaichivilai Post Santhakulam Taluk Thoothukudi District 628656.pdf
IR-E-C-27064,Sethu Institute of Technology,ENGINEERING,2024,626115,"Yes, more than 80% of the buildings",,,24,108,343.. 2024..Sethu Institute of Technology (Autonomous) Kariapatti Post Virudhunagar District 626115.pdf
IR-E-C-27071,St. Mother Theresa Engineering College,ENGINEERING,2025,628102,"Yes, more than 80% of the buildings",,,1,2,348..St. Mother Theresa Engineering College Vagaikulam Thoothukudi District 628102..pdf
IR-E-C-16620,Panimalar Engineering College,ENGINEERING,2025,602123,"Yes, more than 80% of the buildings",,,8,81,35.Panimalar Engineering College (Autonomous) Nazarethpet Poonamallee Chennai 602123.pdf
IR-E-C-27061,Arunachala College of Engineering for Women,ENGINEERING,2025,629203,"Yes, more than 80% of the buildings",,,16,52,354..Arunachala College of Engineering for Women Thanka Gardens Manavilai Vellichanthai Nagercoil Kanyakumari District 629203.pdf
IR-E-C-27093,C.S.I.Institute of Technology,ENGINEERING,2025,629302,"Yes, more than 60% of the buildings",,,0,7,357.. C S I Institute of Technology Thovalai Kanyakumari District 629302.pdf
IR-E-C-27038,Dr. Sivanthi Aditanar College of Engineering,ENGINEERING,2025,628215,"Yes, less than 40% of the buildings",,,0,2,359.. Dr. Sivanthi Aditanar College of Engineering Tiruchendur Thoothukudi District 628215.pdf
IR-E-C-16626,Rajalakshmi Engineering College,ENGINEERING,2025,602105,"Yes, more than 80% of the buildings",,,123,251,36. Rajalakshmi Engineering College (Autonomous) Thandalam Sriperumpudur Taluk Kancheepuram District 602105.pdf
IR-E-C-27091,FRANCIS XAVIER ENGINEERING COLLEGE,ENGINEERING,2025,627003,"Yes, more than 80% of the buildings",,,17,60,360.Francis Xavier Engineering College (Autonomous) Vannarpettai Tirunelveli District 627003.pdf
IR-E-C-27075,KAMARAJ COLLEGE OF ENGINEERING & TECHNOLOGY,ENGINEERING,2026,626001,"Yes, more than 80% of the buildings",,,5,53,363..Kamaraj College of Engineering and Technology (Autonomous) Virudhunagar District 626001.pdf
IR-E-C-27058,Mepco Schlenk Engineering College,ENGINEERING,2025,626005,"Yes, more than 80% of the buildings",,,41,113,364. Mepco Schlenk Engineering College (Autonomous) Sivakasi Virudhunagar District 626005.pdf
IR-E-C-27041,PSN COLLEGE OF ENGINEERING AND TECHNOLOGY,ENGINEERING,2026,,"Yes, less than 40% of the buildings",,,16,32,nirf.pdf
IR-E-C-27082,P. S. R. Engineering College,ENGINEERING,2025,626140,"Yes, more than 80% of the buildings",,,11,68,368.. P S R Engineering College (Autonomous) Appayanaickenpatti Sevalpatty Virudhunagar District 626140.pdf
IR-E-C-6580,Rajiv Gandhi College of Engineering and Technology,ENGINEERING,2025,602105,"Yes, more than 80% of the buildings",,,0,0,37. Rajiv Gandhi College of Engineering Nemili Sriperumpudur Taluk Kancheepuram District 602105.pdf
IR-E-C-27095,Sree Sowdambika College of Engineering,ENGINEERING,2025,626134,"Yes, more than 80% of the buildings",,,0,0,373..23..Sree Sowdambika College of Engineering Aruppukkottai Taluk Virudhunagar District 626134.pdf
IR-E-C-27077,St. Xavier`s Catholic College of Engineering,ENGINEERING,2025,629807,"Yes, more than 80% of the buildings",,,35,93,374. St. Xavier's Catholic College of Engineering (Autonomous) Chunkankadai Nagercoil Kanyakumari District 629807.pdf
IR-E-C-27084,Dr.G.U.Pope College of Engineering,ENGINEERING,2025,628251,"Yes, more than 40% of the buildings",,,0,0,377.Dr. G U Pope College of Engineering Sawyerpuram Thoothukudi District 628251.pdf
IR-E-C-27032,Vins Christian College of Engineering,ENGINEERING,2025,629807,"Yes, more than 80% of the buildings",,,0,0,384.Vins Christian College of Engineering Chunkankadai Post Nagercoil Kanyakumari District 629807.pdf
IR-E-C-16590,SAVEETHA ENGINEERING COLLEGE,ENGINEERING,2026,602105,"Yes, more than 80% of the buildings",,,61,143,39. Saveetha Engineering College (Autonomous) Thandalam Sriperumpudur Taluk Kancheepuram District 602105.pdf
IR-E-C-27087,Loyola Institute of Technology and Science,ENGINEERING,2024,629302,"Yes, less than 40% of the buildings",,,0,0,390...2024..Loyola Institute of Technology and Science Loyola Nagar P B No.2 Thovalai Kanyakumari District 629302.pdf
IR-E-C-27051,J.P.College of Engineering,ENGINEERING,2025,627852,"Yes, more than 80% of the buildings",,,0,0,391..J P College of Engineering College Road Ayakudy Tenkasi Taluk Tenkasi District 627852.pdf
IR-E-C-26794,Thiagarajar College of Engineering,ENGINEERING,2025,625015,"Yes, more than 80% of the buildings",,,87,86,396.Thiagarajar College of Engineering (Autonomous) Tirupparankundram Madurai District 625015.pdf
IR-E-C-51677,Government College of Engineering,ENGINEERING,2025,625582,"Yes, less than 40% of the buildings",,,3,31,397. Government College of Engineering Melachokkanathapuram Bodinayakkanur Theni District 625582.pdf
IR-E-C-16491,Sree Sastha Institute of Engineering and Technology,ENGINEERING,2024,600103,"Yes, more than 80% of the buildings",,,0,3,40. Sree Sastha Institute of Engineering and Technology Chembarambakkam Chennai 600103.pdf
IR-E-C-45320,SSM Institute of Engineering and Technology,ENGINEERING,2025,624002,"Yes, more than 80% of the buildings",,,1,2,402. SSM Institute of Engineering and Technology Kuttathupatti Village Sindalaigundu Post Dindigul District 624002.pdf
IR-E-C-49137,MANGAYARKARASI COLLEGE OF ENGINEERING,ENGINEERING,2026,625402,"Yes, more than 60% of the buildings",,,1,7,405. Mangayarkarasi College of Engineering First Street Mangayarkarasi Nagar Paravai Madurai District 625402.pdf
IR-E-C-26811,"N.P.R. College of Engineering and Technology, Natham Village, Dindigul",ENGINEERING,2025,624401,"Yes, more than 80% of the buildings",,,0,0,408. N P R College of Engineering and Technology (Autonomous) Natham Dindigul District 624401.pdf
IR-E-C-56319,NADAR SARASWATHI COLLEGE OF ENGINEERING & TECHNOLOGY,ENGINEERING,2026,625531,"Yes, more than 80% of the buildings",,,0,10,412. Nadar Saraswathi College of Engineering and Technology Vadupudupatti Annanji Post Theni District 625531.pdf
IR-E-C-26789,Alagappa Chettiar Government College of Engineering and Technology,ENGINEERING,2025,630004,"Yes, more than 80% of the buildings",,,16,53,413.Alagappa Chettair Government College of Engineering and Technology (Autonomous) Karaikudi Sivagangai District 630004.pdf
IR-E-C-26785,K. L. N. College of Engineering,ENGINEERING,2026,,"Yes, more than 60% of the buildings",,,10,41,nirf.pdf
IR-E-C-26795,"Mohamed Sathak Engineering College, Kilakarai",ENGINEERING,2026,,"Yes, more than 60% of the buildings",,,0,5,nirf.pdf
IR-E-C-26783,"PSNA College of Engineering and Technology, Dindigul",ENGINEERING,2025,624622,"Yes, more than 80% of the buildings",,,8,150,"417. P S N A Colllege of Engineering and Technology (Autonomous), Dindigul District 624622.pdf"
IR-E-C-16572,Sri Venkateswara College of Engineering,ENGINEERING,2025,,"Yes, more than 80% of the buildings",,,39,193,42. Sri Venkateswara College of Engineering (Autonomous) Sriperumbudur Taluk Kancheepuram District 60210.pdf
IR-E-C-26814,"Solamalai College of Engineering, Madurai",ENGINEERING,2025,625020,"Yes, more than 80% of the buildings",,,0,0,421.Solamalai College of Engineering Veerapanjan Madurai District 625020.pdf
IR-E-C-26808,"St. Michael College of Engineering and Technology, Kalayarkoil, Sivagangai Dist",ENGINEERING,2025,630551,"Yes, more than 80% of the buildings",,,0,0,423.St. Michael College of Engineering and Technology Kalayarkoil Sivagangai District 630551.pdf
IR-E-C-26807,SYED AMMAL ENGINEERING COLLEGE,ENGINEERING,2026,,"Yes, more than 80% of the buildings",,,2,6,nirf.pdf
IR-E-C-26784,"Fatima Michael College of Engineering and Technology, Madurai",ENGINEERING,2025,625020,"Yes, more than 80% of the buildings",,,0,0,427..Fatima Michael College of Engineering and Technology Sengottai Village Sivagangai Main Road Madurai District 625020.pdf
IR-E-C-26781,Velammal College of Engineering & Technology,ENGINEERING,2025,625009,"Yes, more than 80% of the buildings",,,14,52,429.Velammal College of Engineering and Technology (Autonomous) Madurai District 625009.pdf
IR-E-C-16594,Jaya College Of Engineering And Technology,ENGINEERING,2024,600056,"Yes, less than 40% of the buildings",,,0,0,43.  2024....Jaya College of Engineering and Technology Parivakkam Poonamallee Chennai 600056.pdf
IR-E-C-26797,"Latha Mathavan Engineering College, Madurai",ENGINEERING,2026,,"Yes, more than 60% of the buildings",,,0,0,nirf.pdf
IR-E-C-16518,Loyola Institute of Technology,ENGINEERING,2025,600123,"Yes, more than 80% of the buildings",,,0,0,45. Loyola Institute of Technology Mevaloorkuppam B Village Palanchoor Nazarethpet Post Chennai 600123.pdf
IR-E-C-16550,Velammal Institute of Technology,ENGINEERING,2025,600066,"Yes, more than 80% of the buildings",,,0,4,53. Velammal Engineering College (Autonomous) Ambattur-Redhills Road Chennai 600066.pdf
IR-E-C-16465,GRT Institute of Engineering and Technology,ENGINEERING,2026,631209,"Yes, more than 80% of the buildings",,,0,0,54. G R T Institute of Engineering and Technology GRT Mahalakshmi Nagar Chennai-Tirupathi Highway Tiruttani Taluk Thiruvallur District 631209.pdf
IR-E-C-16619,T.J.S. Engineering College,ENGINEERING,2026,601206,"Yes, more than 80% of the buildings",,,0,0,55. T J S Engineering College Peruvoyal Near Kavaraipettai Gummidipoondi Taluk Thiruvallur District 601206.pdf
IR-E-C-16571,Mohamed Sathak A.J. College of Engineering,ENGINEERING,2025,603103,"Yes, less than 40% of the buildings",,,0,0,57. Mohammed Sathak A J College of Engineering Old Mahabalipuram Road (OMR) Egattur Chengalpattu District 603103.pdf
IR-E-C-16539,Jeppiaar Engineering College,ENGINEERING,2023,600119,"Yes, more than 80% of the buildings",,,0,33,58...2023.. Jeppiaar Engineering College Old Mahabalipuram Road (OMR) Chennai 600119.pdf
IR-E-C-16560,Easwari Engineering College,ENGINEERING,2025,600089,"Yes, more than 80% of the buildings",,,23,119,59. Easwari Engineering College (Autonomous) Ramapuram Chennai 600089.pdf
IR-E-C-16618,ANAND INSTITUTE OF HIGHER TECHNOLOGY,ENGINEERING,2025,603103,"Yes, more than 80% of the buildings",,,0,0,60. Anand Institute of Higher Technology Old Mahabalipuram Road (OMR) Kazhipattur Chengalpattu District 603103.pdf
IR-E-C-16525,Jerusalem College of Engineering,ENGINEERING,2020,,"Yes, more than 60% of the buildings",,,11,49,61. Jerusalem College of Engineering (Autonomous) Narayanapuram Pallikaranai Chennai 600 100.pdf
IR-E-C-16480,Meenakshi Sundararajan Engineering College,ENGINEERING,2025,600024,"Yes, more than 80% of the buildings",,,0,0,62. Meenakshi Sundararajan Engineering College Kodambakkam Chennai 600024.pdf
IR-E-C-16611,KCG COLLEGE OF TECHNOLOGY,ENGINEERING,2025,600096,"Yes, more than 80% of the buildings",,,22,59,64. K C G College of Technology (Autonomous) Karappakkam Chennai 600096.pdf
IR-E-C-16604,Sri Sivasubramaniya Nadar College of Engineering,ENGINEERING,2025,603110,"Yes, more than 80% of the buildings",,,232,248,66. Sri Sivasubramaniya Nadar College of Engineering (Autonomous) Kalavakkam Old Mahabalipuram Road (OMR) Chengalpattu District 603110.pdf
IR-E-I-1078,Agni College of Technology,ENGINEERING,2025,603103,"Yes, more than 80% of the buildings",,,14,60,67. Agni College of Technology Old Mahabalipuram Road (OMR) Thalambur Village Chengalpattu District 603103.pdf
IR-E-C-16617,T.J. Institute of Technology,ENGINEERING,2025,600097,"Yes, more than 80% of the buildings",,,0,0,69. T.J Institute of Technology Karapakkam Chennai - 600097.pdf
IR-E-C-16530,Thangavelu Engineering College,ENGINEERING,2025,600097,"Yes, more than 80% of the buildings",,,0,0,70. Thangavelu Engineering College Karappakkam Chennai 600097.pdf
IR-E-C-16625,DHANALAKSHMI SRINIVASAN COLLEGE OF ENGINEERING AND TECHNOLOGY,ENGINEERING,2025,,"Yes, more than 80% of the buildings",,,0,0,71. Dhanalakshmi Srinivasan College of Engineering and Technology East Coast Road Poonjeri Chennai 603.pdf
IR-E-C-16549,St. Joseph College of Engineering,ENGINEERING,2025,602105,"Yes, more than 60% of the buildings",,,0,0,73. St. Joseph College of Engineering Trinity Campus Nemili Sriperumpudur Taluk Kancheepuram District 602105.pdf
IR-E-C-16576,CHENNAI INSTITUTE OF TECHNOLOGY,ENGINEERING,2025,,"Yes, more than 80% of the buildings",,,52,136,75. Chennai Institute of Technology and Applied Research Sarathy Nagar Puthuper Village Kundrathur  Chenn.pdf
IR-E-C-16567,Dhanalakshmi College of Engineering,ENGINEERING,2024,601301,"Yes, more than 80% of the buildings",,,0,0,79...2024 Dhanalakshmi College of Engineering Manimangalam Chennai 601301.pdf
IR-E-C-16521,G. K. M. College of Engineering and Technology,ENGINEERING,2025,,"Yes, more than 80% of the buildings",,,0,12,nirf.pdf
IR-E-C-16543,I. F. E. T. College of Engineering,ENGINEERING,2025,605108,"Yes, more than 80% of the buildings",,,1,48,81. I F E T College of Engineering (Autonomous) Gangarampalayam Villupuram District 605108.pdf
IR-E-C-16599,Karpaga Vinayaga College of Engineering and Technology,ENGINEERING,2025,603308,"Yes, more than 80% of the buildings",,,1,6,82. Karpaga Vinayaga College of Engineering and Technology Palayanoor Post Maduranthagam Taluk Chengalpattu District 603308.pdf
IR-E-C-16468,Mailam Engineering College,ENGINEERING,2025,604304,"Yes, more than 80% of the buildings",,,0,0,83. Mailam Engineering College Mailam Villupuram District 604304.pdf
IR-E-C-16577,JAYA ENGINEERING COLLEGE,ENGINEERING,2025,602024,"Yes, more than 80% of the buildings",,,0,0,9. 9.Jaya Engineering College Thirunindravur Chennai 602024.pdf
IR-E-C-16541,Tagore Engineering College,ENGINEERING,2026,,"Yes, more than 80% of the buildings",,,0,12,nirf.pdf
IR-E-C-16624,SRM Valliammai Engineering College,ENGINEERING,2025,603203,"Yes, more than 80% of the buildings",,,9,63,92. SRM Valliammai Engineering College (Autonomous) Kattankulathur Chennai 603203.pdf
IR-E-C-16486,Asan Memorial College of Engineering and Technology,ENGINEERING,2025,,"Yes, more than 80% of the buildings",,,0,0,93. Asan Memorial College of Engineering and Technology Chengalpattu-603 001..pdf
IR-E-C-16615,Dhaanish Ahmed College of Engineering,ENGINEERING,2024,601301,"Yes, more than 60% of the buildings",,,0,0,94. 2024 .. Dhaanish Ahmed College of Engineering Padappai Chennai 601301.pdf
IR-E-C-16515,Priyadarshini Engineering College,ENGINEERING,2018,635751,"Yes, more than 80% of th",,"Yes, more than 80% of th",0,0,118. 2018...Priyadarshini Engineering College Vaniyambadi Post Thiruppattur District 635751.pdf
IR-E-C-36969,COIMBATORE INSTITUTE OF TECHNOLOGY,ENGINEERING,,641014,"Yes, more than 80% of the",,,60,141,135. Coimbatore Institute of Technology (Autonomous) Civil Aerodrome Post Coimbatore District 641014.pdf
IR-E-C-36990,UNITED INSTITUTE OF TECHNOLOGY,ENGINEERING,2023,641020,"Yes, more than 80% of the",,,0,0,253. ..2023.. United Institute of Technology Gadalore Village Perianaickenpalayam Coimbatore District 641020.pdf
IR-E-C-27076,Grace College of Engineering,ENGINEERING,2026,,"Yes, more than 80% of the buildings",,,0,0,nirf.pdf
IR-I-C-49131,DHAANISH AHMED INSTITUTE OF TECHNOLOGY,INNOVATION,2025,641105,,,,,,150. Dhaanish Ahmed Institute of Technology Pichanur Post (Near K G Chavadi) Coimbatore District 641105.pdf
IR-O-C-36937,Gnanamani College of Technology,OVERALL,2025,637018,"Yes, more than 80% of the buildings",,,0,33,179. Gnanamani College of Technology (Autonomous) Pachal Post Namakkal District 637018.pdf
IR-O-C-37031,Info Institute of Engineering,OVERALL,2026,,"Yes, more than 40% of the buildings",,,0,0,nirf.pdf
IR-B-U-0448,Bharathidasan University,SDG INSTITUTION,2025,620024,"Yes, more than 80% of the buildings",,,409,132,263. University College of Engineering Tiruchirappalli (Bharathidasan Institute of Technology) Tiruchirappalli District 620024.pdf
IR-M-C-16488,Misrimal Navajee Munoth Jain Engineering College,MANAGEMENT,2021,600096,"Yes, less than 40% of the buildings",,,0,0,63. 2021 data ....Misrimal Navajee Munoth Jain Engineering College Rajiv Gandhi Salai (OMR) Thorappakkam Chennai 600096.pdf
IR-E-C-16554,Adhi College of Engineering and Technology,ENGINEERING,2026,,"Yes, more than 80% of the buildings",,,0,21,nirf.pdf
IR-E-C-37105,Adhiyamaan College of Engineering(Autonomous),ENGINEERING,2026,,"Yes, more than 80% of the buildings",,,8,34,nirf.pdf
IR-E-C-25066,Indra Ganesan College of Engineering,ENGINEERING,2026,,"Yes, more than 80% of the buildings",,,0,2,nirf.pdf
IR-E-C-16488,Misrimal Navajee Munoth Jain Engineering College,ENGINEERING,2026,,"Yes, less than 40% of the buildings",,,0,0,nirf.pdf
IR-E-C-16526,Sri Venkateswaraa College of Technology,ENGINEERING,2025,,"Yes, more than 80% of the buildings",,,0,0,nirf.pdf
IR-O-C-24992,A.V.C. College of Engineering,OVERALL,2025,,"Yes, more than 80% of the buildings",,,1,13,nirf.pdf
IR-I-C-26802,Theni Kammavar Sangam College of Technology,INNOVATION,2024,,,,,,,nirf.pdf
