nirf_id,program_level,male_students,female_students,total_students,within_state,outside_state,outside_country,economically_backward,socially_challenged,full_fee_reimbursement
IR-E-U-0439,UG [4 Years Program(s)],5610,3524,9134,8893,160,81,376,8020,1240
IR-E-U-0439,PG [2 Year Program(s)],745,579,1324,1279,44,1,90,1195,294
IR-E-I-1030,UG [4 Years Program(s)],196,54,250,247,3,0,18,232,0
IR-E-C-16532,UG [4 Years Program(s)],1581,1328,2909,1682,1227,0,1547,997,884
IR-E-C-16622,UG [4 Years Program(s)],753,212,965,928,37,0,26,939,401
IR-E-C-16622,PG [2 Year Program(s)],35,25,60,60,0,0,0,60,35
IR-E-C-36995,UG [4 Years Program(s)],3957,1414,5371,5031,332,8,1853,3187,672
IR-E-C-36995,UG [5 Years Program(s)],173,85,258,254,4,0,39,198,22
IR-E-C-36995,PG [2 Year Program(s)],22,28,50,35,15,0,14,31,1
IR-E-C-16591,UG [4 Years Program(s)],730,364,1094,1092,2,0,0,531,531
IR-E-C-16477,UG [4 Years Program(s)],979,539,1518,1511,7,0,49,1425,145
IR-E-C-16482,UG [4 Years Program(s)],730,455,1185,1172,13,0,356,558,170
IR-E-C-16482,PG [2 Year Program(s)],12,5,17,17,0,0,8,8,8
IR-E-C-16487,UG [4 Years Program(s)],709,409,1118,1112,6,0,473,402,69
IR-E-C-16487,PG [2 Year Program(s)],60,66,126,126,0,0,8,66,7
IR-E-C-16506,UG [4 Years Program(s)],120,90,210,210,0,0,96,114,70
IR-E-C-16551,UG [4 Years Program(s)],806,558,1364,1349,15,0,816,548,266
IR-E-C-16551,PG [2 Year Program(s)],65,52,117,117,0,0,96,21,10
IR-E-C-16527,UG [4 Years Program(s)],1332,904,2236,1644,592,0,751,1372,411
IR-E-C-48283,UG [4 Years Program(s)],1098,547,1645,1644,1,0,296,1322,950
IR-E-C-48283,PG [2 Year Program(s)],11,1,12,12,0,0,0,12,0
IR-E-C-16473,UG [4 Years Program(s)],661,217,878,878,0,0,763,12,197
IR-E-C-16473,PG [2 Year Program(s)],60,21,81,81,0,0,37,3,37
IR-E-C-16614,UG [4 Years Program(s)],2113,1307,3420,2729,671,20,2265,839,660
IR-E-C-16614,PG [2 Year Program(s)],0,3,3,2,1,0,0,2,0
IR-E-C-36995,UG [4 Years Program(s)],3957,1414,5371,5031,332,8,1853,3187,672
IR-E-C-36995,UG [5 Years Program(s)],173,85,258,254,4,0,39,198,22
IR-E-C-36995,PG [2 Year Program(s)],22,28,50,35,15,0,14,31,1
IR-E-C-1377,UG [4 Years Program(s)],1470,1073,2543,2078,463,2,186,1186,1165
IR-E-C-1377,PG [2 Year Program(s)],139,115,254,153,101,0,21,56,56
IR-E-C-16523,UG [4 Years Program(s)],0,489,489,489,0,0,0,443,229
IR-E-C-16523,PG [2 Year Program(s)],0,30,30,30,0,0,0,26,21
IR-E-C-36975,UG [4 Years Program(s)],1762,1271,3034,3004,30,0,719,2315,2002
IR-E-C-36975,PG [2 Year Program(s)],86,65,151,146,5,0,26,125,149
IR-E-C-36954,UG [4 Years Program(s)],2541,685,3226,2876,350,0,698,2150,247
IR-E-C-36954,PG [2 Year Program(s)],44,22,66,66,0,0,30,26,8
IR-E-C-16463,UG [4 Years Program(s)],1832,868,2700,2661,39,0,641,311,311
IR-E-C-16463,PG [2 Year Program(s)],23,15,38,38,0,0,0,4,4
IR-E-C-45295,UG [4 Years Program(s)],871,478,1349,1345,4,0,379,970,199
IR-E-C-45295,PG [2 Year Program(s)],21,18,39,37,2,0,5,34,10
IR-E-C-45287,UG [4 Years Program(s)],830,1021,1851,1410,412,29,602,665,580
IR-E-C-45287,PG [2 Year Program(s)],98,67,165,147,17,1,30,50,28
IR-E-C-49130,UG [4 Years Program(s)],642,295,937,937,0,0,261,676,707
IR-E-C-45288,UG [4 Years Program(s)],666,246,912,833,79,0,54,858,315
IR-E-C-45299,UG [4 Years Program(s)],1063,508,1571,1566,5,0,803,768,132
IR-E-C-45299,PG [2 Year Program(s)],8,4,12,12,0,0,8,4,0
IR-E-C-16548,UG [4 Years Program(s)],263,101,364,359,5,0,81,68,58
IR-E-C-16548,PG [2 Year Program(s)],0,3,3,3,0,0,3,0,3
IR-E-C-48266,UG [4 Years Program(s)],980,759,1739,1716,22,1,352,889,429
IR-E-C-49129,UG [4 Years Program(s)],589,138,727,336,391,0,391,336,93
IR-E-C-49133,UG [4 Years Program(s)],639,400,1039,1039,0,0,10,1029,858
IR-E-C-50605,UG [4 Years Program(s)],978,583,1561,1345,211,5,524,1011,354
IR-E-C-50605,PG [2 Year Program(s)],12,6,18,18,0,0,3,15,0
IR-E-C-16504,UG [4 Years Program(s)],3001,1425,4426,3251,868,307,1686,2038,3074
IR-E-C-16504,PG [2 Year Program(s)],75,26,101,86,10,5,30,9,0
IR-E-C-37003,UG [4 Years Program(s)],602,280,882,882,0,0,0,875,545
IR-E-C-37003,PG [2 Year Program(s)],3,7,10,10,0,0,0,10,0
IR-E-C-39247,UG [4 Years Program(s)],2638,1266,3904,3878,23,3,364,3540,1722
IR-E-C-39247,PG [2 Year Program(s)],95,41,136,128,8,0,22,114,8
IR-E-C-36954,UG [4 Years Program(s)],2541,685,3226,2876,350,0,698,2150,247
IR-E-C-36954,PG [2 Year Program(s)],44,22,66,66,0,0,30,26,8
IR-E-C-37000,UG [4 Years Program(s)],3160,1243,4403,4283,120,0,91,4302,1209
IR-E-C-37000,PG [2 Year Program(s)],20,9,29,29,0,0,7,22,5
IR-E-C-16490,UG [4 Years Program(s)],1937,828,2765,2668,97,0,57,1224,349
IR-E-C-16490,PG [2 Year Program(s)],8,5,13,13,0,0,4,6,2
IR-E-C-46528,UG [4 Years Program(s)],643,246,889,889,0,0,0,0,0
IR-E-C-46528,PG [2 Year Program(s)],6,2,8,8,0,0,0,0,0
IR-E-C-36980,UG [4 Years Program(s)],1213,664,1877,1851,26,0,41,1836,1660
IR-E-C-36980,PG [2 Year Program(s)],35,29,64,64,0,0,2,62,58
IR-E-C-36966,UG [4 Years Program(s)],1548,391,1939,1406,533,0,5,1934,271
IR-E-C-36966,PG [2 Year Program(s)],45,36,81,81,0,0,1,80,13
IR-E-C-37028,UG [4 Years Program(s)],2373,2346,4719,4251,414,54,436,4283,1375
IR-E-C-37028,PG [2 Year Program(s)],68,72,140,109,23,8,35,105,20
IR-E-C-37022,UG [4 Years Program(s)],0,2112,2112,2083,29,0,970,1142,369
IR-E-C-37022,PG [2 Year Program(s)],0,43,43,43,0,0,1,42,15
IR-E-C-36944,UG [4 Years Program(s)],2557,1692,4249,3180,1068,1,1042,1497,614
IR-E-C-36944,PG [2 Year Program(s)],3,16,19,19,0,0,12,7,11
IR-E-C-37074,UG [4 Years Program(s)],1142,537,1679,1677,2,0,0,1663,607
IR-E-C-37074,PG [2 Year Program(s)],0,3,3,3,0,0,0,3,0
IR-E-C-37068,UG [4 Years Program(s)],774,446,1220,1220,0,0,1220,0,572
IR-E-C-37068,PG [2 Year Program(s)],24,13,37,37,0,0,0,0,0
IR-E-C-37000,UG [4 Years Program(s)],3160,1243,4403,4283,120,0,91,4302,1209
IR-E-C-37000,PG [2 Year Program(s)],20,9,29,29,0,0,7,22,5
IR-E-C-37006,UG [4 Years Program(s)],571,339,910,910,0,0,501,409,160
IR-E-C-37006,PG [2 Year Program(s)],94,52,146,146,0,0,127,19,0
IR-E-C-37004,UG [4 Years Program(s)],1788,447,2393,2235,158,0,1762,631,631
IR-E-C-37004,PG [2 Year Program(s)],12,7,19,19,0,0,6,13,13
IR-E-C-36930,UG [4 Years Program(s)],2967,897,3864,2987,832,45,1832,1001,1158
IR-E-C-36930,PG [2 Year Program(s)],436,172,608,551,57,0,160,107,128
IR-E-C-36930,PG-Integrated,51,24,75,57,18,0,25,25,5
IR-E-C-36970,UG [4 Years Program(s)],959,668,1627,1624,3,0,1364,248,464
IR-E-C-36970,PG [2 Year Program(s)],130,112,242,240,2,0,124,118,112
IR-E-C-37026,UG [4 Years Program(s)],664,381,1045,1041,4,0,21,1024,56
IR-E-C-37026,PG [2 Year Program(s)],0,1,1,1,0,0,0,0,0
IR-E-C-37061,UG [4 Years Program(s)],802,510,1312,1282,30,0,414,898,276
IR-E-C-37061,PG [2 Year Program(s)],40,49,89,62,27,0,11,78,13
IR-E-C-37076,UG [4 Years Program(s)],0,851,851,851,0,0,572,279,335
IR-E-C-37076,PG [2 Year Program(s)],0,24,24,24,0,0,7,17,17
IR-E-C-37029,UG [4 Years Program(s)],667,304,971,971,0,0,3,968,471
IR-E-C-37029,PG [2 Year Program(s)],36,73,109,109,0,0,2,107,50
IR-E-C-36941,UG [4 Years Program(s)],512,253,765,756,9,0,483,282,308
IR-E-C-36951,UG [4 Years Program(s)],740,145,885,854,31,0,23,862,149
IR-E-C-36951,PG [2 Year Program(s)],3,6,9,9,0,0,0,9,4
IR-E-C-37058,UG [4 Years Program(s)],1864,867,2731,2731,0,0,152,351,238
IR-E-C-37058,PG [2 Year Program(s)],180,161,341,339,2,0,23,66,23
IR-E-C-37104,UG [4 Years Program(s)],638,288,926,903,23,0,641,0,174
IR-E-C-37104,PG [2 Year Program(s)],63,73,136,136,0,0,5,1,5
IR-E-C-37022,UG [4 Years Program(s)],0,2112,2112,2083,29,0,970,1142,369
IR-E-C-37022,PG [2 Year Program(s)],0,43,43,43,0,0,1,42,15
IR-E-C-36956,UG [4 Years Program(s)],762,213,975,956,19,0,598,252,0
IR-E-C-36956,PG [2 Year Program(s)],0,1,1,1,0,0,0,1,0
IR-E-C-16580,UG [4 Years Program(s)],591,254,845,836,9,0,33,812,411
IR-E-C-37016,UG [4 Years Program(s)],494,206,700,683,17,0,388,10,398
IR-E-C-37016,PG [2 Year Program(s)],27,19,46,46,0,0,20,0,20
IR-E-C-37099,UG [4 Years Program(s)],2239,1236,3475,3227,247,1,1053,1730,779
IR-E-C-37099,PG [2 Year Program(s)],158,60,218,200,18,0,22,69,69
IR-E-C-37099,PG-Integrated,56,99,155,155,0,0,32,28,28
IR-E-C-37063,UG [4 Years Program(s)],3691,1583,5274,4219,1055,0,1660,3614,1728
IR-E-C-37063,PG [2 Year Program(s)],71,54,125,121,4,0,81,44,0
IR-E-C-36974,UG [4 Years Program(s)],1034,488,1522,1522,0,0,460,974,430
IR-E-C-36974,PG [2 Year Program(s)],5,4,9,9,0,0,2,6,4
IR-E-C-37065,UG [4 Years Program(s)],4532,2539,7071,6971,100,0,123,6460,804
IR-E-C-37065,PG [2 Year Program(s)],22,35,57,56,1,0,1,53,5
IR-E-C-36926,UG [4 Years Program(s)],3862,1820,5682,5586,90,6,3074,1837,664
IR-E-C-36926,PG [2 Year Program(s)],174,135,309,297,11,1,163,99,6
IR-E-C-36958,UG [4 Years Program(s)],2107,926,3033,3013,20,0,1230,1772,373
IR-E-C-36958,PG [2 Year Program(s)],21,15,36,36,0,0,18,18,10
IR-E-C-37015,UG [4 Years Program(s)],608,270,878,861,15,2,163,442,89
IR-E-C-37015,PG [2 Year Program(s)],33,18,51,48,3,0,47,4,9
IR-E-C-36995,UG [4 Years Program(s)],3957,1414,5371,5031,332,8,1853,3187,672
IR-E-C-36995,UG [5 Years Program(s)],173,85,258,254,4,0,39,198,22
IR-E-C-36995,PG [2 Year Program(s)],22,28,50,35,15,0,14,31,1
IR-E-C-37089,UG [4 Years Program(s)],2913,1325,4238,4168,44,26,1545,2415,463
IR-E-C-37089,PG [2 Year Program(s)],7,12,19,18,0,1,4,14,1
IR-E-C-37089,PG-Integrated,93,85,178,178,0,0,53,55,23
IR-E-C-37094,UG [4 Years Program(s)],1598,1683,3281,3278,3,0,2877,250,309
IR-E-C-37094,PG [2 Year Program(s)],7,34,41,41,0,0,38,2,1
IR-E-C-37032,UG [4 Years Program(s)],999,380,1379,1366,11,2,94,1145,123
IR-E-C-37032,PG [2 Year Program(s)],14,7,21,21,0,0,0,21,6
IR-E-C-36947,UG [4 Years Program(s)],2311,1605,3916,3448,468,0,587,2232,722
IR-E-C-36947,PG [2 Year Program(s)],14,22,36,33,3,0,5,24,7
IR-E-C-37080,UG [4 Years Program(s)],2558,1248,3806,3004,801,1,1213,2593,676
IR-E-C-37080,PG [2 Year Program(s)],55,22,77,59,18,0,7,70,1
IR-E-C-36938,UG [4 Years Program(s)],840,224,1064,1026,38,0,524,0,305
IR-E-C-36938,PG [2 Year Program(s)],48,4,52,46,6,0,9,0,7
IR-E-C-37031,UG [4 Years Program(s)],202,79,281,281,0,0,0,270,63
IR-E-C-37031,PG [2 Year Program(s)],35,10,45,45,0,0,0,41,3
IR-E-C-37036,UG [4 Years Program(s)],1673,1099,2772,2264,493,15,554,2218,832
IR-E-C-37036,PG [2 Year Program(s)],16,8,24,22,2,0,12,6,4
IR-E-C-37035,UG [4 Years Program(s)],1397,434,1831,1813,18,0,62,1685,222
IR-E-C-36929,UG [4 Years Program(s)],1555,997,2552,2525,27,0,106,2446,229
IR-E-C-36929,PG [2 Year Program(s)],6,9,15,15,0,0,15,0,0
IR-E-C-37057,UG [4 Years Program(s)],2056,1168,3224,3020,183,21,367,1309,545
IR-E-C-37057,PG [2 Year Program(s)],14,10,24,23,1,0,2,21,0
IR-E-C-37041,UG [4 Years Program(s)],1036,613,1649,1617,32,0,55,1594,366
IR-E-C-37041,PG [2 Year Program(s)],0,2,2,2,0,0,0,2,0
IR-E-C-37087,UG [4 Years Program(s)],874,657,1531,1523,8,0,1121,410,410
IR-E-C-37087,PG [2 Year Program(s)],36,4,40,29,11,0,34,6,6
IR-E-C-37087,PG [2 Year Program(s)],57,42,99,99,0,0,75,24,24
IR-E-C-37087,UG [4 Years Program(s)],874,657,1531,1523,8,0,1121,410,410
IR-E-C-37087,PG [2 Year Program(s)],93,46,139,128,11,0,109,30,30
IR-E-C-37070,UG [4 Years Program(s)],1701,1104,2805,2330,475,0,1077,1728,952
IR-E-C-37070,PG [2 Year Program(s)],54,45,99,94,5,0,58,41,39
IR-E-C-36989,UG [4 Years Program(s)],1297,816,2113,2090,23,0,519,373,169
IR-E-C-36989,PG [2 Year Program(s)],2,12,14,14,0,0,4,4,4
IR-E-C-37038,UG [4 Years Program(s)],660,376,1036,1032,4,0,661,233,77
IR-E-C-37038,PG [2 Year Program(s)],0,5,5,5,0,0,0,5,0
IR-E-C-16511,UG [4 Years Program(s)],429,273,702,697,5,0,2,683,182
IR-E-C-16511,PG [2 Year Program(s)],6,6,12,12,0,0,0,10,2
IR-E-C-37043,UG [4 Years Program(s)],472,228,700,679,21,0,29,671,184
IR-E-C-37043,PG [2 Year Program(s)],4,1,5,4,1,0,4,1,1
IR-E-C-37090,UG [4 Years Program(s)],655,288,943,819,124,0,112,456,323
IR-E-C-37051,UG [4 Years Program(s)],439,215,654,652,2,0,303,351,286
IR-E-C-37051,PG [2 Year Program(s)],69,49,118,116,2,0,57,61,57
IR-E-C-37021,UG [4 Years Program(s)],754,400,1154,704,450,0,282,121,77
IR-E-C-36985,UG [4 Years Program(s)],661,264,925,793,132,0,793,0,58
IR-E-C-36985,PG [2 Year Program(s)],19,13,32,30,2,0,28,0,2
IR-E-C-36999,UG [4 Years Program(s)],2702,1465,4167,3827,155,185,525,1652,116
IR-E-C-36999,PG [2 Year Program(s)],53,33,86,86,0,0,35,40,12
IR-E-C-37055,UG [4 Years Program(s)],1296,288,1584,1070,514,0,0,509,209
IR-E-C-37055,PG [2 Year Program(s)],18,10,28,13,15,0,0,2,0
IR-E-C-16614,UG [4 Years Program(s)],2113,1307,3420,2729,671,20,2265,839,660
IR-E-C-16614,PG [2 Year Program(s)],0,3,3,2,1,0,0,2,0
IR-E-C-37001,UG [4 Years Program(s)],911,266,1177,1126,51,0,0,850,438
IR-E-C-37001,PG [2 Year Program(s)],57,20,77,44,33,0,0,38,10
IR-E-C-25020,UG [4 Years Program(s)],628,336,964,964,0,0,964,0,61
IR-E-C-25020,PG [2 Year Program(s)],29,94,123,123,0,0,123,0,5
IR-E-C-25020,UG [4 Years Program(s)],628,336,964,964,0,0,964,0,61
IR-E-C-25020,PG [2 Year Program(s)],29,94,123,123,0,0,123,0,5
IR-E-C-25014,UG [4 Years Program(s)],837,398,1235,1201,34,0,473,762,288
IR-E-C-25014,PG [2 Year Program(s)],3,10,13,13,0,0,10,3,10
IR-E-C-24999,UG [4 Years Program(s)],502,296,798,798,0,0,12,221,132
IR-E-C-49138,UG [4 Years Program(s)],371,156,527,527,0,0,120,348,140
IR-E-C-49141,UG [4 Years Program(s)],698,396,1094,1094,0,0,0,1085,178
IR-E-C-49142,UG [4 Years Program(s)],651,444,1095,1095,0,0,14,1081,369
IR-E-C-25054,UG [4 Years Program(s)],1303,647,1950,1844,104,2,378,1525,223
IR-E-C-25054,PG [2 Year Program(s)],2,19,21,19,2,0,0,15,0
IR-E-C-25002,UG [4 Years Program(s)],656,430,1086,1074,12,0,1,1073,271
IR-E-C-25002,PG [2 Year Program(s)],16,17,33,32,1,0,0,32,10
IR-E-C-25016,UG [4 Years Program(s)],366,101,467,467,0,0,0,410,238
IR-E-C-25016,PG [2 Year Program(s)],29,7,36,36,0,0,0,36,24
IR-E-C-25007,UG [4 Years Program(s)],695,222,917,917,0,0,6,911,326
IR-E-C-25007,PG [2 Year Program(s)],3,2,5,5,0,0,0,5,3
IR-E-C-25028,UG [4 Years Program(s)],1059,402,1461,1459,2,0,346,1115,148
IR-E-C-25028,PG [2 Year Program(s)],10,2,12,12,0,0,12,0,0
IR-E-C-25004,UG [4 Years Program(s)],962,702,1664,1663,1,0,664,1000,115
IR-E-C-24993,UG [4 Years Program(s)],810,349,1159,1159,0,0,0,1148,166
IR-E-C-24993,PG [2 Year Program(s)],5,26,31,31,0,0,0,31,14
IR-E-C-24984,UG [4 Years Program(s)],3542,1508,5050,4702,348,0,41,4661,1101
IR-E-C-24984,PG [2 Year Program(s)],7,12,19,19,0,0,0,18,0
IR-E-C-50925,UG [4 Years Program(s)],698,398,1096,1090,6,0,690,406,112
IR-E-C-25012,UG [4 Years Program(s)],1153,578,1731,1731,0,0,290,810,245
IR-E-C-25012,PG [2 Year Program(s)],137,91,228,228,0,0,48,43,28
IR-E-C-25046,UG [4 Years Program(s)],1405,422,1827,1812,15,0,19,1808,348
IR-E-C-1377,UG [4 Years Program(s)],1470,1073,2543,2078,463,2,186,1186,1165
IR-E-C-1377,PG [2 Year Program(s)],139,115,254,153,101,0,21,56,56
IR-E-U-0443,UG [4 Years Program(s)],2308,790,3098,3087,11,0,0,2200,1349
IR-E-U-0443,PG [2 Year Program(s)],33,23,56,55,1,0,0,32,6
IR-E-C-25010,UG [4 Years Program(s)],790,355,1145,1144,1,0,651,463,483
IR-E-C-25010,PG [2 Year Program(s)],65,58,123,123,0,0,49,14,14
IR-E-C-25006,UG [4 Years Program(s)],1558,1227,2785,2777,8,0,35,2636,312
IR-E-C-25006,PG [2 Year Program(s)],6,12,18,18,0,0,1,17,1
IR-E-C-25022,UG [4 Years Program(s)],498,303,801,801,0,0,543,213,233
IR-E-C-25012,UG [4 Years Program(s)],1153,578,1731,1731,0,0,290,810,245
IR-E-C-25012,PG [2 Year Program(s)],137,91,228,228,0,0,48,43,28
IR-E-C-16537,UG [4 Years Program(s)],3782,2067,5849,4972,805,72,119,5431,639
IR-E-C-16537,PG [2 Year Program(s)],8,11,19,17,2,0,0,19,0
IR-E-I-1119,UG [4 Years Program(s)],669,313,982,975,7,0,0,951,175
IR-E-I-1119,PG [2 Year Program(s)],52,33,85,84,1,0,0,79,2
IR-E-C-25043,UG [4 Years Program(s)],759,326,1085,1085,0,0,285,800,800
IR-E-C-25043,PG [2 Year Program(s)],6,1,7,7,0,0,0,6,6
IR-E-C-25031,UG [4 Years Program(s)],143,92,235,235,0,0,0,184,102
IR-E-C-25069,UG [4 Years Program(s)],253,104,357,357,0,0,100,126,126
IR-E-C-25069,PG [2 Year Program(s)],17,20,37,37,0,0,17,0,17
IR-E-C-16503,UG [4 Years Program(s)],706,416,1122,1109,13,0,335,9,0
IR-E-C-16503,PG [2 Year Program(s)],45,36,81,81,0,0,0,0,0
IR-E-C-25005,UG [4 Years Program(s)],382,81,463,463,0,0,0,460,369
IR-E-C-25005,PG [2 Year Program(s)],48,31,79,79,0,0,0,77,56
IR-E-C-25062,UG [4 Years Program(s)],394,190,584,584,0,0,0,584,186
IR-E-C-25038,UG [4 Years Program(s)],823,367,1190,1189,1,0,460,625,299
IR-E-C-25038,PG [2 Year Program(s)],0,7,7,7,0,0,2,5,5
IR-E-C-25024,UG [4 Years Program(s)],459,845,1304,1298,6,0,501,151,197
IR-E-C-25024,PG [2 Year Program(s)],0,4,4,4,0,0,0,2,0
IR-E-C-27035,UG [4 Years Program(s)],873,777,1650,1649,1,0,0,1042,206
IR-E-C-48273,UG [4 Years Program(s)],1495,743,2238,2089,149,0,0,1962,1756
IR-E-C-48273,PG [2 Year Program(s)],129,222,351,342,9,0,0,320,9
IR-E-C-60622,UG [4 Years Program(s)],798,385,1183,1169,14,0,48,1135,118
IR-E-C-60622,PG [2 Year Program(s)],15,16,31,26,5,0,3,28,0
IR-E-C-49144,UG [4 Years Program(s)],1284,740,2024,2016,8,0,516,1405,675
IR-E-C-49144,UG [4 Years Program(s)],1284,740,2024,2016,8,0,516,1405,675
IR-E-C-49144,UG [4 Years Program(s)],1284,740,2024,2016,8,0,516,1405,675
IR-E-C-27074,UG [4 Years Program(s)],511,308,819,819,0,0,0,819,28
IR-E-C-27074,PG [2 Year Program(s)],3,6,9,9,0,0,0,9,0
IR-E-C-27064,UG [4 Years Program(s)],3224,1089,4313,4301,12,0,832,3419,1740
IR-E-C-27064,PG [2 Year Program(s)],70,72,142,142,0,0,5,129,17
IR-E-C-27071,UG [4 Years Program(s)],403,253,656,656,0,0,209,447,192
IR-E-C-16620,UG [4 Years Program(s)],4928,3923,8851,6303,2548,0,738,7837,1270
IR-E-C-16620,PG [2 Year Program(s)],7,19,26,26,0,0,3,23,0
IR-E-C-27061,UG [4 Years Program(s)],0,1813,1813,1798,15,0,1270,39,606
IR-E-C-27061,PG [2 Year Program(s)],0,328,328,328,0,0,237,8,12
IR-E-C-27093,UG [4 Years Program(s)],327,152,479,473,6,0,392,87,122
IR-E-C-27093,PG [2 Year Program(s)],90,119,209,206,3,0,181,28,13
IR-E-C-27038,UG [4 Years Program(s)],401,313,714,713,1,0,513,53,0
IR-E-C-27038,PG [2 Year Program(s)],3,3,6,6,0,0,4,2,0
IR-E-C-16626,UG [4 Years Program(s)],4315,3623,7938,5171,2606,161,1169,4858,681
IR-E-C-16626,PG [2 Year Program(s)],94,145,239,181,56,2,59,171,74
IR-E-C-27091,UG [4 Years Program(s)],1830,877,2707,2635,72,0,302,2405,355
IR-E-C-27091,PG [2 Year Program(s)],90,87,177,177,0,0,13,164,5
IR-E-C-27075,UG [4 Years Program(s)],1365,956,2321,2319,2,0,1805,516,183
IR-E-C-27075,PG [2 Year Program(s)],1,1,2,2,0,0,0,0,0
IR-E-C-27058,UG [4 Years Program(s)],2213,1654,3867,3846,21,0,1312,2222,1466
IR-E-C-27058,PG [2 Year Program(s)],32,22,54,52,2,0,32,22,2
IR-E-C-27041,UG [4 Years Program(s)],1311,305,1616,1584,32,0,630,433,422
IR-E-C-27041,PG [2 Years Program(s)],165,70,235,224,11,0,89,77,77
IR-E-C-27082,UG [4 Years Program(s)],1362,735,2097,2094,3,0,0,2086,249
IR-E-C-27082,PG [2 Year Program(s)],53,61,114,114,0,0,0,112,3
IR-E-C-27082,PG [2 Year Program(s)],53,66,119,119,0,0,0,117,4
IR-E-C-27082,UG [4 Years Program(s)],1362,735,2097,2094,3,0,0,2086,249
IR-E-C-27082,PG [2 Year Program(s)],106,127,233,233,0,0,0,229,7
IR-E-C-27082,UG [4 Years Program(s)],1362,735,2097,2094,3,0,0,2086,249
IR-E-C-27082,PG [2 Year Program(s)],106,127,233,233,0,0,0,229,4
IR-E-C-27082,UG [4 Years Program(s)],1362,735,2097,2094,3,0,0,2086,249
IR-E-C-27082,PG [2 Year Program(s)],106,127,233,233,0,0,0,229,7
IR-E-C-6580,UG [4 Years Program(s)],606,359,965,730,235,0,75,784,55
IR-E-C-6580,PG [2 Year Program(s)],38,29,67,36,31,0,0,8,0
IR-E-C-27095,UG [4 Years Program(s)],448,169,617,615,2,0,502,115,115
IR-E-C-27095,UG [4 Years Program(s)],448,169,617,615,2,0,502,115,115
IR-E-C-27077,UG [4 Years Program(s)],1287,643,1930,1903,27,0,0,1829,63
IR-E-C-27077,PG [2 Year Program(s)],23,21,44,44,0,0,1,43,0
IR-E-C-27084,UG [4 Years Program(s)],322,214,536,530,6,0,448,88,88
IR-E-C-27032,UG [4 Years Program(s)],130,56,186,186,0,0,0,76,37
IR-E-C-27032,PG [2 Year Program(s)],64,54,118,118,0,0,0,32,1
IR-E-C-27041,UG [4 Years Program(s)],1311,305,1616,1584,32,0,630,433,422
IR-E-C-27041,PG [2 Years Program(s)],165,70,235,224,11,0,89,77,77
IR-E-C-16590,UG [4 Years Program(s)],3938,1859,5797,5346,451,0,362,3643,1885
IR-E-C-16590,PG [2 Year Program(s)],81,83,164,160,4,0,6,121,0
IR-E-C-27087,UG [4 Years Program(s)],747,364,1111,1101,10,0,0,1083,376
IR-E-C-27087,PG [2 Year Program(s)],1,13,14,14,0,0,0,14,0
IR-E-C-27051,UG [4 Years Program(s)],531,404,935,931,4,0,505,151,208
IR-E-C-27082,UG [4 Years Program(s)],1362,735,2097,2094,3,0,0,2086,249
IR-E-C-27082,PG [2 Year Program(s)],53,61,114,114,0,0,0,112,3
IR-E-C-27082,PG [2 Year Program(s)],53,66,119,119,0,0,0,117,4
IR-E-C-27082,UG [4 Years Program(s)],1362,735,2097,2094,3,0,0,2086,249
IR-E-C-27082,PG [2 Year Program(s)],106,127,233,233,0,0,0,229,7
IR-E-C-27082,UG [4 Years Program(s)],1362,735,2097,2094,3,0,0,2086,249
IR-E-C-27082,PG [2 Year Program(s)],106,127,233,233,0,0,0,229,4
IR-E-C-27082,UG [4 Years Program(s)],1362,735,2097,2094,3,0,0,2086,249
IR-E-C-27082,PG [2 Year Program(s)],106,127,233,233,0,0,0,229,7
IR-E-C-26794,UG [4 Years Program(s)],2359,1513,3872,3834,38,0,794,2880,1285
IR-E-C-26794,PG [2 Year Program(s)],58,58,116,116,0,0,8,93,0
IR-E-C-51677,UG [4 Years Program(s)],648,365,1013,1013,0,0,0,1003,49
IR-E-C-16491,UG [4 Years Program(s)],252,121,373,368,5,0,262,111,134
IR-E-C-16491,UG [5 Years Program(s)],9,0,9,9,0,0,3,6,2
IR-E-C-16491,PG [2 Year Program(s)],27,21,48,48,0,0,24,24,12
IR-E-C-45320,UG [4 Years Program(s)],770,559,1329,1328,1,0,0,197,134
IR-E-C-45320,PG [2 Year Program(s)],1,3,4,4,0,0,0,1,1
IR-E-C-49137,UG [4 Years Program(s)],501,615,1116,1116,0,0,536,580,273
IR-E-C-26811,UG [4 Years Program(s)],795,337,1132,1129,3,0,100,222,113
IR-E-C-26811,PG [2 Year Program(s)],65,67,132,132,0,0,0,132,0
IR-E-C-56319,UG [4 Years Program(s)],378,547,925,924,1,0,9,916,147
IR-E-C-56319,PG [2 Year Program(s)],9,4,13,13,0,0,4,9,9
IR-E-C-26789,UG [4 Years Program(s)],1049,622,1671,1668,3,0,30,1632,940
IR-E-C-26789,PG [2 Year Program(s)],32,29,61,61,0,0,0,61,61
IR-E-C-26785,UG [4 Years Program(s)],1195,620,1815,1815,0,0,1752,63,63
IR-E-C-26785,PG [2 Year Program(s)],6,8,14,14,0,0,12,2,2
IR-E-C-26785,PG [2 Year Program(s)],40,20,60,60,0,0,57,3,3
IR-E-C-26795,UG [4 Years Program(s)],749,248,997,967,29,1,437,450,103
IR-E-C-26795,PG [2 Year Program(s)],16,21,37,37,0,0,33,4,14
IR-E-C-26783,UG [4 Years Program(s)],2855,1708,4563,4558,4,1,881,3506,1785
IR-E-C-26783,PG [2 Year Program(s)],11,20,31,31,0,0,0,31,5
IR-E-C-16572,UG [4 Years Program(s)],2595,1143,3738,3672,60,6,2380,756,1131
IR-E-C-16572,PG [2 Year Program(s)],12,13,25,25,0,0,23,1,0
IR-E-C-36938,UG [4 Years Program(s)],840,224,1064,1026,38,0,524,0,305
IR-E-C-36938,PG [2 Year Program(s)],48,4,52,46,6,0,9,0,7
IR-E-C-26814,UG [4 Years Program(s)],365,161,526,526,0,0,336,131,115
IR-E-C-26814,PG [2 Year Program(s)],38,9,47,47,0,0,10,26,11
IR-E-C-26808,UG [4 Years Program(s)],339,235,574,574,0,0,0,567,237
IR-E-C-26808,PG [2 Year Program(s)],36,92,128,128,0,0,0,126,50
IR-E-C-26807,UG [4 Years Program(s)],406,349,755,754,1,0,53,475,53
IR-E-C-26807,PG [2 Year Program(s)],0,13,13,13,0,0,0,0,0
IR-E-C-26784,UG [4 Years Program(s)],351,181,532,531,1,0,0,532,101
IR-E-C-26784,PG [2 Year Program(s)],27,37,64,64,0,0,0,64,29
IR-E-C-26781,UG [4 Years Program(s)],1302,936,2238,2237,0,1,422,1739,241
IR-E-C-26781,PG [2 Year Program(s)],13,29,42,42,0,0,6,35,0
IR-E-C-16594,UG [4 Years Program(s)],115,29,144,143,1,0,0,135,48
IR-E-C-26797,UG [4 Years Program(s)],430,135,565,565,0,0,130,332,124
IR-E-C-26797,PG [2 Year Program(s)],5,0,5,5,0,0,0,0,0
IR-E-C-16518,UG [4 Years Program(s)],697,370,1067,1049,18,0,0,1030,386
IR-E-C-16550,UG [4 Years Program(s)],1140,788,1928,1597,331,0,71,1511,67
IR-E-C-16465,UG [4 Years Program(s)],743,495,1238,1156,82,0,80,1060,170
IR-E-C-16619,UG [4 Years Program(s)],616,307,923,847,76,0,654,269,206
IR-E-C-16619,PG [2 Year Program(s)],38,84,122,122,0,0,86,36,36
IR-E-C-16571,UG [4 Years Program(s)],746,138,884,868,16,0,0,835,395
IR-E-C-16571,PG [2 Year Program(s)],8,4,12,12,0,0,0,12,3
IR-E-C-16539,UG [4 Years Program(s)],1368,601,1969,1945,24,0,131,1838,0
IR-E-C-16539,PG [2 Year Program(s)],86,82,168,160,8,0,15,153,0
IR-E-C-16560,UG [4 Years Program(s)],2101,2438,4539,4011,502,26,380,3894,906
IR-E-C-16560,PG [2 Year Program(s)],21,20,41,26,14,1,3,38,0
IR-E-C-16618,UG [4 Years Program(s)],931,688,1619,1612,7,0,1041,545,446
IR-E-C-16618,PG [2 Year Program(s)],55,65,120,117,3,0,76,43,37
IR-E-C-16525,UG [4 Years Program(s)],878,731,1609,1599,10,0,300,650,248
IR-E-C-16525,PG [2 Year Program(s)],18,11,29,28,1,0,7,10,4
IR-E-C-16480,UG [4 Years Program(s)],972,743,1715,1715,0,0,0,1512,158
IR-E-C-16480,PG [2 Year Program(s)],1,1,2,2,0,0,0,2,0
IR-E-C-16611,UG [4 Years Program(s)],1562,1053,2615,1660,951,4,1386,707,687
IR-E-C-16604,UG [4 Years Program(s)],2316,1278,3594,3014,507,73,484,2197,668
IR-E-C-16604,PG [2 Year Program(s)],58,43,101,93,8,0,9,74,15
IR-E-C-16604,PG-Integrated,42,20,62,49,13,0,13,30,6
IR-E-I-1078,UG [4 Years Program(s)],1287,1208,2495,2118,377,0,286,2097,926
IR-E-I-1078,PG [2 Year Program(s)],28,26,54,37,17,0,6,44,16
IR-E-C-16537,UG [4 Years Program(s)],3782,2067,5849,4972,805,72,119,5431,639
IR-E-C-16537,PG [2 Year Program(s)],8,11,19,17,2,0,0,19,0
IR-E-C-16617,UG [4 Years Program(s)],315,62,377,373,4,0,219,158,158
IR-E-C-16530,UG [4 Years Program(s)],476,178,654,649,5,0,249,170,170
IR-E-C-16625,UG [4 Years Program(s)],1611,732,2343,1822,521,0,188,1164,576
IR-E-C-16625,PG [2 Year Program(s)],14,8,22,20,2,0,2,15,14
IR-E-C-16549,UG [4 Years Program(s)],746,355,1101,1098,3,0,25,1031,276
IR-E-C-16549,PG [2 Year Program(s)],49,43,92,91,1,0,9,80,37
IR-E-C-16576,UG [4 Years Program(s)],2583,1794,4377,3242,1127,8,593,2846,782
IR-E-C-16576,PG [2 Year Program(s)],48,55,103,101,2,0,12,91,2
IR-E-C-16576,UG [4 Years Program(s)],2583,1794,4377,3242,1127,8,593,2846,782
IR-E-C-16576,PG [2 Year Program(s)],48,55,103,101,2,0,12,91,2
IR-E-C-16487,UG [4 Years Program(s)],709,409,1118,1112,6,0,473,402,69
IR-E-C-16487,PG [2 Year Program(s)],60,66,126,126,0,0,8,66,7
IR-E-C-16567,UG [4 Years Program(s)],736,265,1001,721,280,0,364,637,650
IR-E-C-16567,PG [2 Year Program(s)],4,3,7,7,0,0,2,5,2
IR-E-C-16521,UG [4 Years Program(s)],184,111,295,288,7,0,146,75,75
IR-E-C-16521,PG [2 Year Program(s)],40,28,68,64,4,0,6,8,8
IR-E-C-16543,UG [4 Years Program(s)],1199,806,2005,1884,121,0,818,1105,957
IR-E-C-16543,PG [2 Year Program(s)],1,3,4,4,0,0,2,2,0
IR-E-C-16599,UG [4 Years Program(s)],814,489,1303,1206,97,0,157,1113,551
IR-E-C-16599,PG [2 Year Program(s)],74,69,143,96,47,0,3,137,91
IR-E-C-16468,UG [4 Years Program(s)],1526,778,2304,2150,154,0,799,1505,1505
IR-E-C-16504,UG [4 Years Program(s)],2236,1379,3615,2696,642,277,1313,1996,2805
IR-E-C-16504,PG [2 Year Program(s)],69,23,92,83,8,1,25,10,0
IR-E-C-16577,UG [4 Years Program(s)],1005,330,1335,1226,109,0,20,1206,317
IR-E-C-16577,PG [2 Year Program(s)],18,24,42,38,4,0,0,38,15
IR-E-C-16541,UG [4 Years Program(s)],332,151,483,477,6,0,306,127,127
IR-E-C-16541,PG [2 Year Program(s)],166,142,308,307,1,0,162,115,115
IR-E-C-16624,UG [4 Years Program(s)],2382,898,3280,3241,39,0,415,2685,910
IR-E-C-16624,PG [2 Year Program(s)],31,14,45,43,2,0,4,38,2
IR-E-C-16486,UG [4 Years Program(s)],155,159,314,313,1,0,120,184,110
IR-E-C-16615,UG [4 Years Program(s)],684,198,882,797,66,19,696,137,172
IR-E-C-36995,UG [4 Years Program(s)],3957,1414,5371,5031,332,8,1853,3187,672
IR-E-C-36995,UG [5 Years Program(s)],173,85,258,254,4,0,39,198,22
IR-E-C-36995,PG [2 Year Program(s)],22,28,50,35,15,0,14,31,1
IR-E-C-37003,UG [4 Years Program(s)],602,280,882,882,0,0,0,875,545
IR-E-C-37003,PG [2 Year Program(s)],3,7,10,10,0,0,0,10,0
IR-E-C-36970,UG [4 Years Program(s)],959,668,1627,1624,3,0,1364,248,464
IR-E-C-36970,PG [2 Year Program(s)],130,112,242,240,2,0,124,118,112
IR-E-C-16580,UG [4 Years Program(s)],591,254,845,836,9,0,33,812,411
IR-E-C-16539,UG [4 Years Program(s)],1368,601,1969,1945,24,0,131,1838,0
IR-E-C-16539,PG [2 Year Program(s)],86,82,168,160,8,0,15,153,0
IR-E-C-16525,UG [4 Years Program(s)],878,731,1609,1599,10,0,300,650,248
IR-E-C-16525,PG [2 Year Program(s)],18,11,29,28,1,0,7,10,4
IR-E-C-16521,UG [4 Years Program(s)],184,111,295,288,7,0,146,75,75
IR-E-C-16521,PG [2 Year Program(s)],40,28,68,64,4,0,6,8,8
IR-E-C-16541,UG [4 Years Program(s)],332,151,483,477,6,0,306,127,127
IR-E-C-16541,PG [2 Year Program(s)],166,142,308,307,1,0,162,115,115
IR-E-C-16515,UG [4 Years Program(s)],728,283,1011,1011,0,0,0,1011,615
IR-E-C-16515,PG [2 Years Program(s)],12,25,37,37,0,0,0,37,15
IR-E-C-36969,UG [4 Years Program(s)],2054,913,2967,2885,82,0,182,1841,1164
IR-E-C-36969,PG [2 Years Program(s)],26,11,37,37,0,0,0,0,0
IR-E-C-36990,UG [4 Years Program(s)],394,184,578,551,270,,409,116,279
IR-E-C-27076,UG [4 Years Program(s)],332,195,527,482,45,0,45,456,120
IR-E-C-27076,PG [2 Years Program(s)],34,46,80,80,0,0,4,76,15
IR-I-C-49131,UG [4 Years Program(s)],461,212,673,504,169,0,513,160,45
IR-O-C-36937,UG [4 Years Program(s)],2108,1402,3510,3217,293,0,3264,246,1540
IR-O-C-36937,PG [2 Year Program(s)],280,214,494,488,6,0,357,125,257
IR-O-C-37031,UG [4 Years Program(s)],405,146,551,551,0,0,264,277,128
IR-O-C-37031,PG [2 Year Program(s)],27,31,58,58,0,0,1,38,2
IR-B-U-0448,UG [3 Years Program(s)],306,104,410,406,4,0,6,404,123
IR-B-U-0448,PG [2 Year Program(s)],807,978,1785,1703,82,0,22,1712,399
IR-B-U-0448,PG-Integrated,227,301,528,523,5,0,6,513,152
IR-B-U-0448,PG [6 Year Program(s)],205,155,360,354,6,0,2,356,98
IR-M-C-16488,PG [2 Year Program(s)],34,22,56,55,1,0,8,48,6
IR-E-C-16554,UG [4 Years Program(s)],791,461,1252,1250,2,0,199,786,95
IR-E-C-37105,UG [4 Years Program(s)],2046,986,3032,2848,184,0,427,2605,538
IR-E-C-37105,PG [2 Year Program(s)],114,84,198,196,2,0,94,104,24
IR-E-C-36970,UG [4 Years Program(s)],959,668,1627,1624,3,0,1364,248,464
IR-E-C-36970,PG [2 Year Program(s)],130,112,242,240,2,0,124,118,112
IR-E-C-16615,UG [4 Years Program(s)],684,198,882,797,66,19,696,137,172
IR-E-C-16521,UG [4 Years Program(s)],412,222,634,616,18,0,465,169,169
IR-E-C-16521,PG [2 Year Program(s)],73,79,152,150,2,0,103,49,49
IR-E-C-16580,UG [4 Years Program(s)],600,557,1157,1154,3,0,627,527,427
IR-E-C-16580,PG [2 Year Program(s)],66,76,142,142,0,0,62,80,60
IR-E-C-36974,UG [4 Years Program(s)],1034,488,1522,1522,0,0,460,974,430
IR-E-C-36974,PG [2 Year Program(s)],5,4,9,9,0,0,2,6,4
IR-E-C-27076,UG [4 Years Program(s)],326,244,570,546,24,0,249,290,103
IR-E-C-27076,PG [2 Year Program(s)],37,46,83,83,0,0,30,43,18
IR-E-C-25066,UG [4 Years Program(s)],584,518,1102,1102,0,0,175,240,240
IR-E-C-25066,PG [2 Year Program(s)],1,12,13,13,0,0,0,13,5
IR-E-C-25054,UG [4 Years Program(s)],1303,647,1950,1844,104,2,378,1525,223
IR-E-C-25054,PG [2 Year Program(s)],2,19,21,19,2,0,0,15,0
IR-E-C-26785,UG [4 Years Program(s)],1307,826,2133,2133,0,0,2056,77,0
IR-E-C-26785,PG [2 Year Program(s)],0,2,2,2,0,0,2,0,0
IR-E-C-24999,UG [4 Years Program(s)],502,296,798,798,0,0,12,221,132
IR-E-C-26797,UG [4 Years Program(s)],370,135,505,505,0,0,0,498,50
IR-E-C-26797,PG [2 Year Program(s)],1,0,1,1,0,0,0,1,0
IR-E-C-27087,UG [4 Years Program(s)],747,364,1111,1101,10,0,0,1083,376
IR-E-C-27087,PG [2 Year Program(s)],1,13,14,14,0,0,0,14,0
IR-E-C-16488,UG [4 Years Program(s)],550,298,848,836,12,0,0,190,70
IR-E-C-16488,PG [2 Year Program(s)],0,0,0,0,0,0,0,0,0
IR-E-C-26795,UG [4 Years Program(s)],1012,524,1536,1024,512,0,238,1298,81
IR-E-C-26795,PG [2 Year Program(s)],121,133,254,254,0,0,41,213,0
IR-E-C-27041,UG [4 Years Program(s)],974,361,1335,1324,11,0,290,827,383
IR-E-C-27041,PG [2 Year Program(s)],159,79,238,226,12,0,62,80,54
IR-E-C-16491,UG [4 Years Program(s)],252,121,373,368,5,0,262,111,134
IR-E-C-16491,UG [5 Years Program(s)],9,0,9,9,0,0,3,6,2
IR-E-C-16491,PG [2 Year Program(s)],27,21,48,48,0,0,24,24,12
IR-E-C-16526,UG [4 Years Program(s)],300,216,516,476,40,0,237,279,100
IR-E-C-16526,PG [2 Year Program(s)],5,3,8,8,0,0,5,3,1
IR-E-C-25028,UG [4 Years Program(s)],1440,676,2116,2111,5,0,427,1689,685
IR-E-C-25028,PG [2 Year Program(s)],12,4,16,16,0,0,0,16,4
IR-E-C-26807,UG [4 Years Program(s)],515,439,954,954,0,0,350,604,604
IR-E-C-26807,PG [2 Year Program(s)],2,17,19,19,0,0,19,0,0
IR-E-C-16541,UG [4 Years Program(s)],755,541,1296,1287,9,0,432,758,327
IR-E-C-16541,PG [2 Year Program(s)],18,13,31,30,1,0,1,30,13
IR-E-C-36990,UG [4 Years Program(s)],394,184,578,551,270,,409,116,279
IR-O-C-24992,UG [4 Years Program(s)],811,457,1268,1260,8,0,2,750,154
IR-O-C-24992,PG [2 Year Program(s)],28,77,105,105,0,0,6,99,3
IR-I-C-49131,UG [4 Years Program(s)],461,212,673,504,169,0,513,160,45
IR-O-C-37031,UG [4 Years Program(s)],500,199,699,699,0,0,0,688,53
IR-O-C-37031,PG [2 Year Program(s)],27,26,53,53,0,0,0,44,0
IR-I-C-26802,UG [4 Years Program(s)],371,213,584,582,2,0,478,106,123
IR-I-C-26802,PG [2 Year Program(s)],0,5,5,5,0,0,1,4,1
